"","Provided_Support","Not_ProvidedSupport","Supporter_Officially","Supporter_MH","Receiver_CareerStage","Receiver_MH_Answered_Sum","Confident_withMH","Comfortable_withMH","Supporter_CareerStage_Binary","Supporter_CareerStage_Split","Supporter_CareerStage_Simple"
"1","Yes","1","0","1","Student",5,5,5,1,"Staff","Academic Staff"
"2","Yes","1","0","1","Student",3,5,5,0,"Student","PhD Student"
"3","Yes","0","0","1",NA,2,4,5,0,"Student","PhD Student"
"4","Yes","0","0","1","Student",3,4,3,1,"Staff","Non-Academic Staff"
"5","Yes","1","0","1","Student",5,2,2,0,"Student","PhD Student"
"6","Yes","1","0","1","Student",2,3,5,0,"Student","PhD Student"
"7","Yes","1","0","1","Staff",5,3,4,0,"Student","PhD Student"
"8","Yes","1","0","1","Staff",5,4,5,1,"Staff","Academic Staff"
"9","No","0",NA,NA,NA,0,NA,NA,NA,NA,NA
"10","Yes","1","0","1","Student",5,4,5,0,"Student","PhD Student"
"11","Yes","1","0","1","Staff",3,1,2,1,"Staff","Academic Staff"
"12","Yes","1","0","1","Student",1,4,5,1,"Staff","Academic Staff"
"13","Yes","1","0","0","Staff",3,2,2,1,"Staff","Academic Staff"
"14","Yes","1","1","1","Staff",6,4,5,1,"Staff","Academic Staff"
"15","Yes","1","0","0","Staff",7,4,4,1,"Staff","Non-Academic Staff"
"16","Yes","1","0","1","Student",3,4,5,1,"Staff","Academic Staff"
"17","Yes","1","0","1","Student",3,1,2,0,"Student","PhD Student"
"18","Yes","1","0","0","Staff",1,2,4,1,"Staff","Non-Academic Staff"
"19","Yes","1","0",NA,"Student",2,4,5,1,"Staff","Academic Staff"
"20","Yes","0","0","1","Student",1,4,4,0,"Student","Masters Student"
"21","Yes","1","0","1","Student",10,2,4,0,"Student","Masters Student"
"22","Yes","1","1","0","Staff",4,3,4,1,"Staff","Academic Staff"
"23","Yes","1",NA,NA,"Student",3,6,4,0,"Student","Undergraduate"
"24","Yes","1","0","1","Student",3,3,4,1,"Staff","Academic Staff"
"25","Yes","1","1","1","Student",3,3,4,1,"Staff","Academic Staff"
"26","Yes","1","0","1","Student",2,4,5,0,"Student","Masters Student"
"27","No","1",NA,NA,NA,0,NA,NA,NA,NA,NA
"28","Yes","1","0","1","Student",2,4,5,0,"Student","PhD Student"
"29","Yes","1","0","1","Staff",4,3,5,0,"Student","PhD Student"
"30","Yes","1","0","1","Student",3,4,5,0,"Student","PhD Student"
"31","Yes","1","1","0","Student",4,4,4,1,"Staff","Academic Staff"
"32","Yes","0","0","1","Student",5,3,4,NA,NA,"Other"
"33","Yes","1","0","1","Student",3,5,5,0,"Student","PhD Student"
"34","Yes","0","1","1","Student",1,4,4,1,"Staff","Academic Staff"
"35","No","1",NA,NA,NA,0,NA,NA,NA,NA,NA
"36","Yes","1","0","1","Staff",3,3,5,1,"Staff","Academic Staff"
"37","Yes","1","0","1","Student",5,4,5,0,"Student","Masters Student"
"38","Yes","1","0","1","Student",3,3,5,0,"Student","PhD Student"
"39","Yes","1","1","1","Staff",2,2,3,1,"Staff","Academic Staff"
"40","Yes","0","0","1","Student",9,4,5,0,"Student","PhD Student"
"41","Yes","1","0","1","Student",4,2,4,0,"Student","Masters Student"
"42","Yes","0","0","1","Student",4,5,5,0,"Student","PhD Student"
"43","Yes","1","0","1","Staff",3,4,4,1,"Staff","Academic Staff"
"44","Yes","1","0","0","Staff",3,3,5,1,"Staff","Academic Staff"
"45","Yes","1","0",NA,"Staff",6,4,5,1,"Staff","Academic Staff"
"46","Yes","1","0",NA,"Student",5,4,5,0,"Student","Undergraduate"
"47","No","0",NA,NA,NA,0,NA,NA,NA,NA,NA
"48","Yes","1","0","1","Staff",2,4,5,1,"Staff","Academic Staff"
"49","Yes","0","0","1","Staff",1,4,5,1,"Staff","Academic Staff"
"50","Yes","1","0","1","Student",3,2,4,0,"Student","PhD Student"
"51","Yes","1","0","1","Student",4,2,4,0,"Student","PhD Student"
"52","Yes","0","0",NA,"Staff",4,5,4,1,"Staff","Academic Staff"
"53","Yes","0","0","1","Student",3,3,5,0,"Student","PhD Student"
"54","Yes","1","0","1","Student",1,4,5,0,"Student","PhD Student"
"55","Yes","1","0","1","Student",2,4,5,0,"Student","PhD Student"
"56","Yes","1","0","1","Student",3,4,5,0,"Student","PhD Student"
"57","Yes","1","0","0","Student",2,2,2,1,"Staff","Non-Academic Staff"
"58","Yes","1","0","1","Student",5,2,4,1,"Staff","Academic Staff"
"59","No","0",NA,NA,NA,0,NA,NA,NA,NA,NA
"60","Yes","1","0","1","Staff",5,4,4,0,"Student","PhD Student"
"61","Yes","1","0","1","Student",4,3,5,1,"Staff","Academic Staff"
"62","Yes","1","0",NA,"Staff",1,2,3,1,"Staff","Academic Staff"
"63","Yes","1","0","1","Staff",4,3,2,1,"Staff","Academic Staff"
"64","No","0",NA,NA,NA,0,NA,NA,NA,NA,NA
"65","Yes","1","0","1","Student",3,2,4,1,"Staff","Academic Staff"
"66","Yes","1","0","1","Student",2,4,4,0,"Student","PhD Student"
"67","Yes","1","0","1","Staff",6,4,4,0,"Student","PhD Student"
"68","Yes","1","0","1","Student",2,1,4,0,"Student","PhD Student"
"69","Yes","1","0",NA,"Student",7,3,4,0,"Student","PhD Student"
"70","Yes","1","0","1","Staff",6,5,5,0,"Student","PhD Student"
"71","Yes","1","0","1","Student",4,4,4,1,"Staff",NA
"72","Yes","0","0","0","Student",2,4,5,0,"Student","Masters Student"
"73","Yes","0","0","1","Student",4,4,5,0,"Student","PhD Student"
"74","Yes","1","0","1","Staff",2,4,5,1,"Staff","Academic Staff"
"75","Yes","1",NA,NA,"Staff",4,3,2,1,"Staff","Academic Staff"
"76","Yes","1","1","1","Student",7,4,5,1,"Staff","Academic Staff"
"77","Yes","0","0","1","Student",1,4,5,0,"Student","Masters Student"
"78","No","1",NA,NA,NA,0,NA,NA,NA,NA,NA
"79","Yes","1","0","1","Student",2,4,5,0,"Student","PhD Student"
"80","No","1",NA,NA,NA,0,NA,NA,NA,NA,NA
"81","Yes","0","0","1","Student",2,5,5,0,"Student","PhD Student"
"82","Yes","1","0","1","Student",6,5,5,0,"Student","PhD Student"
"83","Yes","0","0","0","Student",2,3,4,0,"Student","PhD Student"
"84","Yes","1","0","1","Student",3,5,5,0,"Student","PhD Student"
"85","Yes","1","0","1","Staff",4,5,4,0,"Student","PhD Student"
"86","Yes","1","0","1","Student",1,4,3,0,"Student","PhD Student"
"87","Yes","1","0","1","Student",4,3,4,0,"Student","PhD Student"
"88","Yes","1","0","1","Student",4,5,5,0,"Student","PhD Student"
"89","Yes","0","0","0","Student",7,5,5,1,"Staff","Academic Staff"
"90","Yes","0","0","0","Staff",4,5,5,1,"Staff","Academic Staff"
"91","Yes","1","0",NA,"Student",9,2,5,0,"Student","Masters Student"
"92","Yes","1","0","1","Student",3,5,5,0,"Student","Masters Student"
"93","Yes","1","0","1","Student",3,5,5,0,"Student","Undergraduate"
"94","Yes","1","0","1","Student",6,4,5,0,"Student","PhD Student"
"95","No","1",NA,NA,NA,0,NA,NA,NA,NA,NA
"96","Yes","0","0","0","Student",5,4,5,0,"Student","PhD Student"
"97","Yes","1","0","1","Student",5,4,5,0,"Student","PhD Student"
"98","Yes","0","0","1","Student",4,2,3,0,"Student","PhD Student"
"99","Yes","1","0","1","Staff",7,4,4,1,"Staff","Academic Staff"
"100","Yes","1","0","1","Student",2,2,5,0,"Student","PhD Student"
"101","Yes","1","0",NA,"Student",4,2,2,1,"Staff","Academic Staff"
"102","Yes","0","0","0","Student",1,5,5,0,"Student","PhD Student"
"103","Yes","1","0","1","Student",4,3,4,0,"Student","Masters Student"
"104","Yes","1","0",NA,"Student",5,4,4,0,"Student","PhD Student"
"105","Yes","1","0","1","Student",3,4,5,1,"Staff","Academic Staff"
"106","Yes","1","0","1","Staff",2,4,5,1,"Staff","Non-Academic Staff"
"107","Yes","1","0","0","Student",4,5,5,1,"Staff","Academic Staff"
"108","Yes","0","0","0","Student",2,3,4,0,"Student","PhD Student"
"109","Yes","0","0","0","Student",2,4,5,1,"Staff","Academic Staff"
"110","No","1",NA,NA,NA,0,NA,NA,NA,NA,NA
"111","Yes","1","0","1","Student",1,2,4,0,"Student","PhD Student"
"112","Yes","1","0","0","Staff",4,NA,NA,0,"Student","PhD Student"
"113","Yes","1","0","1","Student",7,4,5,NA,NA,"Other"
"114","Yes","1",NA,"1","Student",3,4,5,1,"Staff","Academic Staff"
"115","Yes","1","0","1","Student",4,4,5,0,"Student","PhD Student"
"116","Yes","1","0","1","Student",4,4,4,0,"Student","PhD Student"
"117","Yes","0","0","0","Student",1,4,4,0,"Student","PhD Student"
"118","Yes","0","0","1","Student",2,2,4,0,"Student","PhD Student"
"119","Yes","1","0","0","Student",2,1,4,1,"Staff",NA
"120","Yes","1","0","1","Staff",3,4,4,0,"Student","PhD Student"
"121","Yes","1","0","1","Student",7,4,5,0,"Student","PhD Student"
"122","No","0",NA,NA,NA,0,NA,NA,NA,NA,NA
"123","Yes","1","0","1","Student",3,4,5,1,"Staff","Academic Staff"
"124","Yes","1","0","1","Student",8,2,5,0,"Student","PhD Student"
"125","Yes","1","0","1","Student",2,2,4,0,"Student","PhD Student"
"126","Yes","1","0","0","Student",6,2,4,0,"Student","PhD Student"
"127","Yes","1","0","1","Student",2,4,5,0,"Student","PhD Student"
"128","No","0",NA,NA,NA,0,NA,NA,NA,NA,NA
"129","Yes","1","0","0","Student",2,2,4,0,"Student","PhD Student"
"130","Yes","1","0","1","Student",5,2,4,1,"Staff","Non-Academic Staff"
"131","Yes","1","1","0","Student",1,6,6,1,"Staff","Academic Staff"
"132","Yes","1","1","0","Student",5,2,5,1,"Staff","Academic Staff"
"133","Yes","1","0","1","Student",9,5,5,0,"Student","PhD Student"
"134","Yes","1","0","0","Staff",1,3,4,1,"Staff","Academic Staff"
"135","Yes","1","0","1","Student",4,2,4,1,"Staff","Academic Staff"
"136","Yes","1","0","1","Student",3,5,5,1,"Staff","Non-Academic Staff"
"137","Yes","1","0",NA,"Student",3,4,4,1,"Staff","Academic Staff"
"138","Yes","0","1","1","Student",2,3,3,1,"Staff","Academic Staff"
"139","Yes","1","0","1","Student",4,4,4,1,"Staff","Non-Academic Staff"
"140","Yes","1","0",NA,"Student",7,1,4,0,"Student","PhD Student"
"141","Yes","1","0","1","Student",5,2,4,0,"Student","PhD Student"
"142","Yes","1","0","1","Student",7,2,5,0,"Student","PhD Student"
"143","Yes","1","0","0","Student",4,3,5,1,"Staff","Academic Staff"
"144","Yes","1","0","1","Student",6,3,5,0,"Student","PhD Student"
"145","Yes","0","0","1","Student",5,2,3,1,"Staff","Academic Staff"
"146","Yes","1","0","1","Student",2,4,5,1,"Staff","Academic Staff"
"147","Yes","1","0","1","Student",5,2,2,0,"Student","PhD Student"
"148","No","1",NA,NA,NA,0,NA,NA,NA,NA,NA
"149","Yes","0","1","0","Staff",2,3,4,1,"Staff","Academic Staff"
"150","Yes","1","0","1","Student",3,5,4,0,"Student","PhD Student"
"151","Yes","1","0","1","Student",5,5,5,0,"Student","PhD Student"
"152","No","1",NA,NA,NA,0,NA,NA,NA,NA,NA
"153","Yes","1","0","1","Student",4,4,4,0,"Student","PhD Student"
"154","Yes","1","0","1","Student",7,2,5,0,"Student","Undergraduate"
"155","Yes","0","0","1","Student",11,4,5,0,"Student","PhD Student"
"156","Yes","1","0","1","Student",2,1,1,1,"Staff","Academic Staff"
"157","Yes","0","0","1","Student",5,4,5,0,"Student","PhD Student"
"158","No","1",NA,NA,NA,0,NA,NA,NA,NA,NA
"159","Yes","0","1","1","Student",2,5,5,1,"Staff","Academic Staff"
"160","Yes","1","0","1","Student",4,3,4,0,"Student","PhD Student"
"161","Yes","0","0","1","Student",2,4,5,1,"Staff","Academic Staff"
"162","Yes","0","0","1","Student",1,4,5,0,"Student","PhD Student"
"163","Yes","1","0","1","Staff",3,2,1,0,"Student","PhD Student"
"164","Yes","1","0","1","Student",4,3,4,0,"Student","PhD Student"
"165","No","1",NA,NA,NA,0,NA,NA,NA,NA,NA
"166","Yes","1","0","1","Student",5,3,2,0,"Student","PhD Student"
"167","Yes","1","0","1","Student",4,1,2,0,"Student","PhD Student"
"168","Yes","1","0","1","Student",8,2,5,0,"Student","Undergraduate"
"169","Yes","1","0","1","Student",5,3,1,0,"Student","PhD Student"
"170","Yes","1","0","1","Student",5,3,3,0,"Student","PhD Student"
"171","Yes","0","1",NA,"Staff",2,4,5,1,"Staff","Academic Staff"
"172","Yes","0","0","1","Student",1,2,2,1,"Staff","Academic Staff"
"173","Yes","1","0","1","Student",3,4,3,1,"Staff","Academic Staff"
"174","Yes","0","0","1","Student",4,5,5,0,"Student","PhD Student"
"175","Yes","1","0","1","Staff",5,2,4,1,"Staff","Academic Staff"
"176","No","0",NA,NA,NA,0,NA,NA,NA,NA,NA
"177","Yes","1","0","1","Student",4,1,1,0,"Student","PhD Student"
"178","Yes","0","0",NA,"Staff",2,2,5,1,"Staff","Academic Staff"
"179","Yes","1","0","1","Student",6,5,5,0,"Student","PhD Student"
"180","Yes","1","0","1","Staff",8,2,2,1,"Staff","Academic Staff"
"181","Yes","1","0","1","Student",3,3,4,0,"Student","PhD Student"
"182","Yes","1","0","1","Student",2,4,4,1,"Staff","Academic Staff"
"183","Yes","1","0","1","Staff",4,3,5,0,"Student","Masters Student"
"184","Yes","1","0","1","Student",2,2,2,1,"Staff","Academic Staff"
"185","Yes","0","0","1","Student",3,4,4,0,"Student","PhD Student"
"186","Yes","1","0","1","Student",8,3,6,0,"Student","Masters Student"
"187","Yes","1","0","1","Staff",3,4,5,1,"Staff","Academic Staff"
"188","Yes","1","1",NA,"Student",4,2,3,1,"Staff","Academic Staff"
"189","Yes","1","0","1","Student",5,3,3,1,"Staff","Academic Staff"
"190","Yes","1","0","1","Student",6,2,5,1,"Staff","Non-Academic Staff"
"191","Yes","1","0","1","Staff",4,4,5,0,"Student","PhD Student"
"192","Yes","1","0","1","Student",4,4,5,0,"Student","PhD Student"
"193","Yes","1","0","0","Student",4,4,5,1,"Staff","Academic Staff"
"194","Yes","1","0","1","Student",8,4,5,0,"Student","PhD Student"
"195","Yes","1",NA,"0","Staff",2,5,5,1,"Staff","Academic Staff"
"196","Yes","1","0",NA,"Staff",3,3,5,0,"Student","PhD Student"
"197","Yes","0","0","0","Student",3,5,5,1,"Staff","Academic Staff"
"198","Yes","1","0","1","Staff",1,1,1,1,"Staff","Non-Academic Staff"
"199","Yes","1","0",NA,"Student",3,3,3,0,"Student","PhD Student"
"200","Yes","1","0","0","Student",7,2,4,1,"Staff","Academic Staff"
"201","Yes","1","0","0","Student",3,4,5,1,"Staff","Academic Staff"
"202","Yes","0","0",NA,"Student",1,5,5,1,"Staff","Academic Staff"
"203","Yes","1","0","1","Student",5,4,5,0,"Student","Undergraduate"
"204","Yes","1","0","0","Student",1,1,1,0,"Student","PhD Student"
"205","Yes","1","0","1","Student",5,3,5,0,"Student","PhD Student"
"206","Yes","1","0","1","Student",4,4,4,1,"Staff","Academic Staff"
"207","Yes","1","1",NA,"Student",7,3,4,1,"Staff","Academic Staff"
"208","Yes","1","0","1","Staff",2,3,4,1,"Staff","Academic Staff"
"209","Yes","1","0","1","Student",3,4,4,0,"Student","Masters Student"
"210","Yes","1","0","1","Student",1,4,3,1,"Staff","Academic Staff"
"211","Yes","0","0","0","Staff",3,5,5,1,"Staff","Academic Staff"
"212","Yes","1","0","0","Student",6,4,5,1,"Staff","Academic Staff"
"213","Yes","1","0","1","Student",4,4,4,0,"Student","PhD Student"
"214","Yes","1","0","1","Student",1,3,5,1,"Staff","Academic Staff"
"215","Yes","0","0","1","Staff",1,5,5,1,"Staff","Non-Academic Staff"
"216","Yes","0","1","0","Staff",2,2,2,1,"Staff","Academic Staff"
"217","Yes","0","0",NA,"Student",4,4,2,1,"Staff",NA
"218","Yes","1","0","0","Student",2,4,5,0,"Student","PhD Student"
"219","Yes","1","0","1","Student",4,4,5,1,"Staff","Academic Staff"
"220","No","0",NA,NA,NA,0,NA,NA,NA,NA,NA
"221","Yes","0","0","1","Student",2,3,4,1,"Staff","Academic Staff"
"222","Yes","0","0","1","Student",1,5,5,1,"Staff","Academic Staff"
"223","Yes","0","0","1","Student",3,5,5,1,"Staff","Academic Staff"
"224","Yes","0","0","1","Staff",2,2,4,1,"Staff","Non-Academic Staff"
"225","Yes","1","0","1","Student",4,4,4,0,"Student","PhD Student"
"226","No","0",NA,NA,NA,0,NA,NA,NA,NA,NA
"227","Yes","1","0","1","Student",4,2,5,0,"Student","PhD Student"
"228","Yes","0","0","1","Staff",1,4,4,1,"Staff","Academic Staff"
"229","Yes","1","1","0","Student",1,4,4,1,"Staff","Academic Staff"
"230","No","0",NA,NA,NA,0,NA,NA,NA,NA,NA
"231","Yes","1","1","0","Student",1,1,1,1,"Staff","Academic Staff"
"232","Yes","0","0","0","Staff",4,2,1,1,"Staff","Academic Staff"
"233","Yes","1","0","1","Student",5,4,5,0,"Student","PhD Student"
"234","No","1",NA,NA,NA,0,NA,NA,NA,NA,NA
"235","Yes","1","0","1","Student",6,3,5,0,"Student","PhD Student"
"236","Yes","1","0","0","Staff",3,2,4,1,"Staff","Non-Academic Staff"
"237","No","0",NA,NA,NA,0,NA,NA,NA,NA,NA
"238","No","1",NA,NA,NA,0,NA,NA,NA,NA,NA
"239","Yes","0","1","0","Staff",2,2,2,1,"Staff","Academic Staff"
"240","No","0",NA,NA,NA,0,NA,NA,NA,NA,NA
"241","Yes","0","0","1","Student",2,3,2,1,"Staff","Academic Staff"
"242","Yes","1","0","1","Student",4,4,5,0,"Student","PhD Student"
"243","Yes","0","0","1","Student",3,2,4,0,"Student","PhD Student"
"244","No","1",NA,NA,NA,0,NA,NA,NA,NA,NA
"245","Yes","0","0","0","Student",3,4,5,0,"Student","PhD Student"
"246","Yes","0","1","0","Student",1,2,2,1,"Staff","Academic Staff"
"247","Yes","0","0","0","Student",2,4,4,1,"Staff","Academic Staff"
"248","Yes","1","0",NA,"Staff",1,3,4,1,"Staff","Academic Staff"
"249","Yes","1","0","0","Staff",1,3,2,1,"Staff","Academic Staff"
"250","Yes","1","0","1","Student",6,4,5,0,"Student","PhD Student"
"251","Yes","1","0","1","Student",5,4,5,1,"Staff","Academic Staff"
"252","Yes","1","0","1","Student",5,3,2,0,"Student","PhD Student"
"253","Yes","1","0","1","Staff",3,2,4,1,"Staff","Academic Staff"
"254","Yes","0","0","1","Student",4,5,5,0,"Student","PhD Student"
"255","Yes","1","1","1","Staff",1,1,1,1,"Staff","Non-Academic Staff"
"256","Yes","1","0",NA,"Student",2,3,4,0,"Student","PhD Student"
"257","Yes","1","0",NA,"Student",2,2,1,0,"Student","PhD Student"
"258","Yes","1","0","1","Student",6,1,5,0,"Student","PhD Student"
"259","Yes","1","0","1","Student",6,2,2,0,"Student","PhD Student"
"260","Yes","1","0","1","Staff",3,5,5,1,"Staff","Academic Staff"
"261","Yes","1","0","0","Student",1,2,5,0,"Student","PhD Student"
"262","Yes","1","0","1","Student",4,2,2,0,"Student","PhD Student"
"263","Yes","1","0","1","Student",8,3,5,0,"Student","PhD Student"
"264","Yes","1","0","1","Student",2,2,4,0,"Student","PhD Student"
"265","Yes","0","0","1","Student",4,4,3,1,"Staff","Academic Staff"
"266","Yes","1","0","1","Student",4,3,4,0,"Student","PhD Student"
"267","Yes","1","0","1","Staff",6,4,5,1,"Staff","Non-Academic Staff"
"268","Yes","1","1","1","Student",6,4,2,1,"Staff","Academic Staff"
"269","No","1",NA,NA,NA,0,NA,NA,NA,NA,NA
"270","Yes","1","1","0","Staff",2,4,4,1,"Staff","Academic Staff"
"271","Yes","1","0","1","Staff",3,1,2,0,"Student","PhD Student"
"272","Yes","1","0","1","Student",2,2,4,0,"Student","PhD Student"
"273","Yes","1","0","1","Student",1,4,2,1,"Staff","Academic Staff"
"274","Yes","0","0","1","Staff",2,3,4,1,"Staff","Academic Staff"
"275","Yes","1","0","1","Staff",2,2,2,1,"Staff","Academic Staff"
"276","No","1",NA,NA,NA,0,NA,NA,NA,NA,NA
"277","Yes","1","0",NA,"Student",6,4,4,0,"Student","PhD Student"
"278","Yes","1","0","0","Student",5,4,5,0,"Student","PhD Student"
"279","Yes","1","0","1","Staff",4,2,2,1,"Staff","Non-Academic Staff"
"280","Yes","0","0","0","Student",2,2,2,0,"Student","PhD Student"
"281","Yes","0","0","0","Student",3,4,5,1,"Staff","Academic Staff"
"282","Yes","1","1","0","Student",1,4,5,NA,NA,"Other"
"283","Yes","1","0","1","Student",4,5,5,0,"Student","PhD Student"
"284","Yes","1","0","1","Student",6,4,4,1,"Staff","Academic Staff"
"285","Yes","1","0","0","Student",3,2,4,1,"Staff","Academic Staff"
"286","Yes","0","0","1","Staff",4,5,5,0,"Student","PhD Student"
"287","Yes","1","0","0","Student",6,1,4,0,"Student","PhD Student"
"288","Yes","1",NA,"1","Student",2,4,4,1,"Staff","Academic Staff"
"289","Yes","1","0","1","Staff",2,2,5,1,"Staff","Academic Staff"
"290","Yes","1","0","1","Student",2,4,4,1,"Staff","Academic Staff"
"291","No","0",NA,NA,NA,0,NA,NA,NA,NA,NA
"292","Yes","1","1","0","Student",2,4,5,0,"Student","PhD Student"
"293","Yes","1","0","1","Student",5,2,4,0,"Student","PhD Student"
"294","Yes","1","0","1","Student",3,5,4,1,"Staff","Academic Staff"
"295","Yes","1",NA,"0","Staff",1,3,1,1,"Staff","Academic Staff"
"296","No","0",NA,NA,NA,0,NA,NA,NA,NA,NA
"297","Yes","0","0","1",NA,3,2,4,1,"Staff","Academic Staff"
"298","Yes","0","1","1","Staff",3,4,4,1,"Staff","Academic Staff"
"299","Yes","0","0","0",NA,2,2,5,1,"Staff","Academic Staff"
"300","Yes","0","0","0","Student",1,3,3,1,"Staff","Academic Staff"
"301","Yes","1","0","1","Staff",11,4,4,1,"Staff","Non-Academic Staff"
"302","Yes","0","0","1","Student",2,4,3,0,"Student","PhD Student"
"303","Yes","1","0","1","Student",3,2,3,1,"Staff","Academic Staff"
"304","No","0",NA,NA,NA,0,NA,NA,NA,NA,NA
"305","Yes","0","0","0","Staff",5,4,5,1,"Staff","Academic Staff"
"306","Yes","0","0","1","Student",3,2,4,1,"Staff","Academic Staff"
"307","No","1",NA,NA,NA,0,NA,NA,NA,NA,NA
"308","Yes","1","0","1","Student",5,4,5,0,"Student","PhD Student"
"309","Yes","1","0","1","Staff",3,4,4,1,"Staff","Academic Staff"
"310","Yes","1","1","1","Student",3,4,2,0,"Student","Masters Student"
"311","Yes","1","0","0","Staff",1,4,3,1,"Staff","Academic Staff"
"312","Yes","0","0","1","Student",5,5,5,0,"Student","PhD Student"
"313","Yes","1","0","1","Student",3,3,5,0,"Student","PhD Student"
"314","Yes","1","0","1","Student",3,4,5,0,"Student","PhD Student"
"315","No","1",NA,NA,NA,0,NA,NA,NA,NA,NA
"316","Yes","1","0","1","Student",3,4,4,0,"Student","PhD Student"
"317","No","0",NA,NA,NA,0,NA,NA,NA,NA,NA
"318","Yes","1","0","1","Staff",2,3,4,1,"Staff","Academic Staff"
"319","Yes","1","0","1","Student",2,2,4,0,"Student","Masters Student"
"320","Yes","1","0","1","Student",6,3,4,0,"Student","PhD Student"
"321","No","0",NA,NA,NA,0,NA,NA,NA,NA,NA
"322","No","0",NA,NA,NA,0,NA,NA,NA,NA,NA
"323","Yes","0","0","1","Staff",5,4,5,1,"Staff","Academic Staff"
"324","Yes","1","1","0","Staff",3,4,5,1,"Staff","Academic Staff"
"325","Yes","1","0",NA,"Student",1,5,4,1,"Staff","Academic Staff"
"326","Yes","0","0","1","Student",2,4,4,0,"Student","PhD Student"
"327","Yes","0","0",NA,NA,4,3,4,0,"Student","Masters Student"
"328","Yes","1","0",NA,"Student",1,5,4,0,"Student","PhD Student"
"329","Yes","0","0","1","Staff",1,4,4,1,"Staff","Academic Staff"
"330","No","1",NA,NA,NA,0,NA,NA,NA,NA,NA
"331","Yes","1","1","0","Staff",2,4,5,1,"Staff","Academic Staff"
"332","Yes","1","0",NA,"Staff",2,3,3,1,"Staff","Academic Staff"
"333","Yes","1","0","0","Staff",1,4,5,1,"Staff","Academic Staff"
"334","Yes","0","0","0","Student",3,5,5,0,"Student","PhD Student"
"335","Yes","1","0","0","Student",4,5,3,0,"Student","PhD Student"
"336","Yes","0","1","0","Student",3,4,4,1,"Staff","Academic Staff"
"337","Yes","0","0","0","Staff",3,4,5,1,"Staff","Academic Staff"
"338","Yes","1","0","1","Staff",3,1,1,1,"Staff","Academic Staff"
"339","No","1",NA,NA,NA,0,NA,NA,NA,NA,NA
"340","Yes","1","1","1","Student",2,1,2,1,"Staff","Academic Staff"
"341","Yes","1","1",NA,"Student",3,1,2,1,"Staff","Academic Staff"
"342","Yes","1",NA,"0","Student",3,4,5,1,"Staff","Academic Staff"
"343","Yes","0","0","1","Student",4,4,5,1,"Staff","Academic Staff"
"344","Yes","0","0","0",NA,5,NA,NA,NA,NA,NA
"345","Yes","1","0","1","Staff",5,2,4,1,"Staff","Academic Staff"
"346","Yes","1","0","1","Student",4,4,4,0,"Student","PhD Student"
"347","Yes","1","1","0","Student",3,5,5,1,"Staff","Academic Staff"
"348","Yes","1","0","1","Student",2,2,1,0,"Student","PhD Student"
"349","Yes","1","0","1","Student",1,4,2,0,"Student","PhD Student"
"350","Yes","0","0","0","Staff",3,5,4,1,"Staff","Academic Staff"
"351","Yes","0","0","1","Student",3,4,5,1,"Staff","Academic Staff"
"352","Yes","1","0","1","Student",3,2,4,0,"Student","PhD Student"
"353","Yes","1","0","1","Staff",4,5,4,1,"Staff","Academic Staff"
"354","Yes","0",NA,"0","Student",2,1,2,1,"Staff","Academic Staff"
"355","Yes","1","1","1","Student",3,5,5,1,"Staff","Academic Staff"
"356","Yes","1","0","0","Staff",1,2,2,1,"Staff","Academic Staff"
"357","Yes","1","0","0","Student",3,1,1,1,"Staff","Academic Staff"
"358","Yes","1","0","1","Student",11,3,5,0,"Student","PhD Student"
"359","Yes","1","0","1","Student",4,3,5,1,"Staff","Academic Staff"
"360","Yes","1","1",NA,"Staff",3,3,4,0,"Student","PhD Student"
"361","Yes","1","0","1","Student",2,4,5,1,"Staff","Academic Staff"
"362","No","1",NA,NA,NA,0,NA,NA,NA,NA,NA
"363","Yes","0","0","1","Student",4,4,5,0,"Student","PhD Student"
"364","No","1",NA,NA,NA,0,NA,NA,NA,NA,NA
"365","No","1",NA,NA,NA,0,NA,NA,NA,NA,NA
"366","Yes","0","1","0","Student",1,5,5,1,"Staff","Academic Staff"
"367","Yes","1","1","0","Student",2,2,4,1,"Staff","Academic Staff"
"368","Yes","1","0","1","Student",4,4,5,0,"Student","PhD Student"
"369","Yes","1","0","1","Student",6,2,4,1,"Staff","Academic Staff"
"370","Yes","1","0",NA,"Student",5,1,3,1,"Staff","Academic Staff"
"371","No","0",NA,NA,NA,0,NA,NA,NA,NA,NA
"372","Yes","1","0","1","Staff",3,2,5,1,"Staff","Academic Staff"
"373","Yes","1","0","0","Student",0,4,1,1,"Staff","Academic Staff"
"374","Yes","0","0","0","Student",2,2,4,1,"Staff","Non-Academic Staff"
"375","Yes","1","0",NA,"Student",4,2,2,0,"Student","PhD Student"
"376","Yes","0","0","1","Student",2,4,5,0,"Student","PhD Student"
"377","No","0",NA,NA,NA,0,NA,NA,NA,NA,NA
"378","Yes","1","0","0","Staff",4,3,3,1,"Staff","Non-Academic Staff"
"379","Yes","0","0","1","Student",9,3,5,0,"Student","Undergraduate"
"380","Yes","1","0","1","Student",1,5,5,0,"Student","PhD Student"
"381","No","0",NA,NA,NA,0,NA,NA,NA,NA,NA
"382","Yes","1","0","1","Student",6,3,5,1,"Staff","Academic Staff"
"383","Yes","1","0","1","Student",4,4,5,0,"Student","PhD Student"
"384","Yes","1","0","1","Student",5,3,4,1,"Staff","Academic Staff"
"385","Yes","0","0","1","Student",3,5,4,0,"Student","PhD Student"
"386","Yes","1","0","1","Staff",2,2,4,1,"Staff","Academic Staff"
"387","Yes","1","0","1","Student",5,3,4,1,"Staff","Academic Staff"
"388","Yes","1","0","1","Student",5,5,4,0,"Student","PhD Student"
"389","Yes","1","0","1","Staff",5,4,4,1,"Staff","Academic Staff"
"390","No","0",NA,NA,NA,0,NA,NA,NA,NA,NA
"391","Yes","1","0",NA,"Student",4,4,3,0,"Student","PhD Student"
"392","Yes","1","0","1","Student",2,2,2,1,"Staff","Academic Staff"
"393","Yes","1","0",NA,"Student",5,3,4,0,"Student","PhD Student"
"394","Yes","1","0","1","Student",6,3,5,0,"Student","PhD Student"
"395","Yes","0","0","1","Staff",2,4,3,1,"Staff","Academic Staff"
"396","Yes","1","0","1","Student",4,2,4,0,"Student","PhD Student"
"397","Yes","1","0","1","Staff",3,2,3,1,"Staff","Academic Staff"
"398","Yes","1","0","1","Student",4,1,5,0,"Student","PhD Student"
"399","Yes","1","0","0","Student",5,4,2,0,"Student","PhD Student"
"400","Yes","1","0","1","Student",1,3,4,0,"Student","PhD Student"
"401","No","0",NA,NA,NA,0,NA,NA,NA,NA,NA
"402","Yes","0","0","1","Student",4,5,5,1,"Staff","Academic Staff"
"403","Yes","1","0","0","Student",2,2,4,1,"Staff","Academic Staff"
"404","Yes","1","0","1","Student",5,3,4,1,"Staff","Academic Staff"
"405","Yes","0","1","0","Student",3,4,2,1,"Staff","Academic Staff"
"406","Yes","1","0","1","Student",4,4,4,0,"Student","PhD Student"
"407","Yes","1","0","0","Staff",2,4,3,1,"Staff","Academic Staff"
"408","Yes","0",NA,"1","Student",5,1,5,NA,NA,"Other"
"409","Yes","1","0","0","Staff",1,4,5,1,"Staff","Academic Staff"
"410","Yes","0",NA,"1","Student",2,5,5,0,"Student","Undergraduate"
"411","Yes","1","0","1","Student",5,3,5,1,"Staff","Academic Staff"
"412","Yes","1","0","1","Student",6,3,5,0,"Student","PhD Student"
"413","Yes","1","0","1","Student",8,2,2,0,"Student","PhD Student"
"414","Yes","1","1",NA,"Student",2,2,2,1,"Staff","Academic Staff"
"415","Yes","0","0","1","Student",9,2,4,1,"Staff","Academic Staff"
"416","Yes","1","0","0","Staff",3,5,5,0,"Student","Masters Student"
"417","Yes","0","1","0","Staff",7,5,5,1,"Staff","Academic Staff"
"418","Yes","1","0","0","Student",2,2,6,0,"Student","Masters Student"
"419","Yes","1","0",NA,"Student",1,4,4,0,"Student","PhD Student"
"420","Yes","1","0","1","Student",6,2,5,0,"Student","PhD Student"
"421","No","0",NA,NA,NA,0,NA,NA,NA,NA,NA
"422","Yes","1","0",NA,"Student",4,1,2,1,"Staff","Academic Staff"
"423","Yes","1","0","1","Student",3,1,3,0,"Student","PhD Student"
"424","Yes","1","0","1","Staff",3,4,4,1,"Staff","Academic Staff"
"425","Yes","1","0","1","Student",2,2,4,1,"Staff","Academic Staff"
"426","Yes","1","0","1","Staff",2,4,5,1,"Staff","Academic Staff"
"427","Yes","1","0","0","Student",1,4,3,1,"Staff","Academic Staff"
"428","Yes","1","1","0","Staff",3,4,3,1,"Staff","Academic Staff"
"429","No","0",NA,NA,NA,0,NA,NA,NA,NA,NA
"430","Yes","1","0","0","Staff",1,5,3,1,"Staff","Academic Staff"
"431","No","1",NA,NA,NA,0,NA,NA,NA,NA,NA
"432","Yes","1","0","1","Student",4,1,4,0,"Student","Masters Student"
"433","Yes","1","0","1","Student",1,1,2,0,"Student","PhD Student"
"434","Yes","1","0","1","Student",2,2,4,1,"Staff","Academic Staff"
"435","Yes","0","0","1","Staff",3,4,5,1,"Staff","Academic Staff"
"436","Yes","1","0","0","Student",4,5,5,0,"Student","Masters Student"
"437","No","0",NA,NA,NA,0,NA,NA,NA,NA,NA
"438","No","1",NA,NA,NA,0,NA,NA,NA,NA,NA
"439","Yes","1",NA,"1","Student",2,3,5,1,"Staff","Academic Staff"
"440","No","1",NA,NA,NA,0,NA,NA,NA,NA,NA
"441","Yes","1","1","1","Student",3,1,2,1,"Staff","Academic Staff"
"442","Yes","1","0","1","Student",5,4,5,1,"Staff","Academic Staff"
"443","Yes","1","0",NA,NA,2,4,5,1,"Staff","Non-Academic Staff"
"444","Yes","1","0","1","Student",5,4,5,0,"Student","Masters Student"
"445","No","1",NA,NA,NA,0,NA,NA,NA,NA,NA
"446","Yes","1","0","1","Student",3,2,1,1,"Staff","Academic Staff"
"447","Yes","1","0","0","Staff",4,4,4,0,"Student","PhD Student"
"448","Yes","0","1","1","Staff",4,5,5,1,"Staff","Non-Academic Staff"
"449","Yes","1","1","0","Student",5,3,4,1,"Staff","Academic Staff"
"450","Yes","1","1","0","Student",3,4,5,1,"Staff","Academic Staff"
"451","Yes","0","0","0","Student",7,5,5,1,"Staff","Academic Staff"
"452","Yes","1","0","0","Student",2,1,1,0,"Student","PhD Student"
"453","No","0",NA,NA,NA,0,NA,NA,NA,NA,NA
"454","Yes","1","0","1","Student",6,5,5,0,"Student","PhD Student"
"455","Yes","1","1",NA,"Staff",3,1,3,1,"Staff","Academic Staff"
"456","Yes","1","0","1","Student",4,3,3,0,"Student","PhD Student"
"457","Yes","1","0",NA,"Staff",2,3,4,1,"Staff","Academic Staff"
"458","Yes","0","0","0","Student",3,5,4,1,"Staff","Academic Staff"
"459","Yes","1","0","1","Student",3,1,5,1,"Staff","Academic Staff"
"460","Yes","1","0","1","Student",4,3,5,1,"Staff","Academic Staff"
"461","Yes","1","0","0","Student",2,2,4,1,"Staff","Academic Staff"
"462","No","1",NA,NA,NA,0,NA,NA,NA,NA,NA
"463","Yes","0",NA,"1","Staff",5,2,2,1,"Staff","Academic Staff"
"464","No","0",NA,NA,NA,0,NA,NA,NA,NA,NA
"465","Yes","0","0","1","Student",3,5,5,0,"Student","PhD Student"
"466","Yes","1","0",NA,"Student",5,4,5,0,"Student","PhD Student"
"467","Yes","1","1","1",NA,9,3,5,1,"Staff","Non-Academic Staff"
"468","Yes","1","0","0","Student",3,4,4,1,"Staff","Academic Staff"
"469","Yes","1","0","1","Student",1,5,5,0,"Student","PhD Student"
"470","No","0",NA,NA,NA,0,NA,NA,NA,NA,NA
"471","Yes","0","0","0","Student",4,4,5,0,"Student","PhD Student"
"472","Yes","1","0","0","Student",2,2,4,1,"Staff","Academic Staff"
"473","Yes","1","0",NA,"Student",1,5,4,0,"Student","PhD Student"
"474","Yes","1","0","1","Staff",6,3,5,1,"Staff","Academic Staff"
"475","Yes","1","0","1","Student",3,3,4,0,"Student","PhD Student"
"476","No","0",NA,NA,NA,0,NA,NA,NA,NA,NA
"477","Yes","0","1","0","Student",3,5,5,0,"Student","PhD Student"
"478","Yes","1","0","1","Student",1,5,4,0,"Student","PhD Student"
"479","No","0",NA,NA,NA,0,NA,NA,NA,NA,NA
"480","Yes","1","0","0","Student",3,3,5,0,"Student","PhD Student"
"481","Yes","1","0","1","Student",3,2,2,1,"Staff","Academic Staff"
"482","Yes","1","1",NA,"Staff",4,2,5,1,"Staff","Academic Staff"
"483","No","1",NA,NA,NA,0,NA,NA,NA,NA,NA
"484","No","1",NA,NA,NA,0,NA,NA,NA,NA,NA
"485","Yes","0","0","0","Staff",4,3,2,1,"Staff","Academic Staff"
"486","No","1",NA,NA,NA,0,NA,NA,NA,NA,NA
"487","Yes","1","0","1","Student",5,4,4,0,"Student","PhD Student"
"488","Yes","0","0","1","Student",2,3,4,0,"Student","PhD Student"
"489","Yes","1","0","1","Student",2,2,5,0,"Student","PhD Student"
"490","Yes","1","0","1","Student",7,3,5,NA,NA,NA
"491","Yes","0","0","1","Student",3,4,5,0,"Student","PhD Student"
"492","Yes","1","1","1","Student",4,2,2,0,"Student","PhD Student"
"493","Yes","1","0","1","Student",5,5,5,0,"Student","PhD Student"
"494","Yes","0","0","1","Staff",5,4,5,0,"Student","PhD Student"
"495","Yes","0","0",NA,"Student",1,5,5,0,"Student","PhD Student"
"496","Yes","1","1","0","Student",3,3,3,1,"Staff","Academic Staff"
"497","Yes","1","0","1","Student",4,2,2,0,"Student","Masters Student"
"498","Yes","1","0","1","Student",10,4,4,0,"Student","Masters Student"
"499","Yes","1","0","1","Student",3,4,5,0,"Student","PhD Student"
"500","Yes","1","0","0","Staff",6,4,5,1,"Staff","Academic Staff"
"501","Yes","1","0",NA,"Student",2,4,4,0,"Student","PhD Student"
"502","Yes","1","0","1","Student",5,1,5,0,"Student","PhD Student"
"503","Yes","1","0",NA,"Student",2,2,3,0,"Student","PhD Student"
"504","No","1",NA,NA,NA,0,NA,NA,NA,NA,NA
"505","Yes","1","0","1","Staff",5,3,5,1,"Staff","Academic Staff"
"506","Yes","0","0","1",NA,1,5,5,1,"Staff","Academic Staff"
"507","Yes","1","0","1","Staff",2,2,4,1,"Staff","Academic Staff"
"508","Yes","1","0",NA,"Student",4,2,3,1,"Staff","Academic Staff"
"509","Yes","0","0","0","Student",4,4,5,1,"Staff","Academic Staff"
"510","Yes","1","0","0","Staff",4,2,3,1,"Staff","Academic Staff"
"511","Yes","0","0","1","Student",4,3,5,1,"Staff","Academic Staff"
"512","Yes","1","0",NA,"Student",1,1,4,1,"Staff","Academic Staff"
"513","Yes","1","0","0","Staff",3,1,4,0,"Student","PhD Student"
"514","Yes","1","0","0","Student",3,2,3,1,"Staff","Academic Staff"
"515","Yes","1","0","1","Student",4,1,1,1,"Staff","Academic Staff"
"516","No","1",NA,NA,NA,0,NA,NA,NA,NA,NA
"517","Yes","1","0","1","Student",6,3,4,0,"Student","Masters Student"
"518","Yes","1","0","0","Staff",1,4,4,0,"Student","PhD Student"
"519","Yes","1","0",NA,"Student",2,2,4,0,"Student","PhD Student"
"520","Yes","1","0","1","Staff",3,3,5,1,"Staff","Academic Staff"
"521","Yes","1","1",NA,"Student",2,4,3,0,"Student","PhD Student"
"522","Yes","0","0",NA,"Student",6,5,5,0,"Student","PhD Student"
"523","Yes","1","0","0","Staff",6,4,4,1,"Staff","Academic Staff"
"524","No","1",NA,NA,NA,0,NA,NA,NA,NA,NA
"525","Yes","0","1","0","Student",2,4,5,1,"Staff","Academic Staff"
"526","Yes","1","0","1","Student",4,4,4,1,"Staff","Academic Staff"
"527","No","0",NA,NA,NA,0,NA,NA,NA,NA,NA
"528","Yes","0","0","1","Student",2,3,4,0,"Student","PhD Student"
"529","Yes","1","0","1","Student",2,4,5,1,"Staff","Academic Staff"
"530","Yes","1","0","1","Staff",2,4,5,1,"Staff","Academic Staff"
"531","Yes","0","0","1","Staff",1,2,4,1,"Staff","Academic Staff"
"532","Yes","0","1","0","Student",1,4,4,1,"Staff","Non-Academic Staff"
"533","Yes","1","0","1","Student",3,1,2,0,"Student","PhD Student"
"534","Yes","1","0","1","Staff",3,5,5,1,"Staff","Academic Staff"
"535","Yes","0","0","1","Student",1,3,4,0,"Student","Undergraduate"
"536","Yes","1","0","1","Student",2,3,4,1,"Staff","Academic Staff"
"537","No","1",NA,NA,NA,0,NA,NA,NA,NA,NA
"538","No","0",NA,NA,NA,0,NA,NA,NA,NA,NA
"539","Yes","1","0","1","Student",3,3,5,0,"Student","PhD Student"
"540","Yes","1","0","1","Student",6,5,5,0,"Student","PhD Student"
"541","Yes","1","0","1","Student",2,4,5,0,"Student","PhD Student"
"542","Yes","1","0","1","Student",5,1,1,0,"Student","PhD Student"
"543","No","0",NA,NA,NA,0,NA,NA,NA,NA,NA
"544","Yes","1","0","1","Student",5,2,2,1,"Staff","Academic Staff"
"545","Yes","1","0","1","Staff",3,4,5,1,"Staff","Academic Staff"
"546","Yes","1","0",NA,"Staff",4,4,3,1,"Staff","Academic Staff"
"547","Yes","1","0","1","Student",3,2,4,1,"Staff","Academic Staff"
"548","No","0",NA,NA,NA,0,NA,NA,NA,NA,NA
"549","Yes","1","0","1","Student",3,1,2,0,"Student","PhD Student"
"550","Yes","1","0","1","Student",6,2,5,0,"Student","PhD Student"
"551","No","1",NA,NA,NA,0,NA,NA,0,"Student","PhD Student"
"552","Yes","1","0","1","Student",2,4,4,0,"Student","PhD Student"
"553","Yes","0",NA,"1","Staff",3,4,4,1,"Staff","Academic Staff"
"554","Yes","1","0","0","Student",4,3,4,0,"Student","PhD Student"
"555","Yes","1","0","0","Student",2,5,5,1,"Staff","Academic Staff"
"556","Yes","1","0","1","Student",3,4,5,1,"Staff","Non-Academic Staff"
"557","Yes","1","0",NA,"Student",2,3,4,0,"Student","PhD Student"
"558","No","0",NA,NA,NA,0,NA,NA,NA,NA,NA
"559","Yes","1","0","0","Student",2,2,2,1,"Staff","Academic Staff"
"560","Yes","0","1","0","Student",3,2,2,1,"Staff","Academic Staff"
"561","Yes","0","0","0","Staff",4,4,5,0,"Student","PhD Student"
"562","Yes","1","0",NA,"Staff",1,2,4,1,"Staff","Academic Staff"
"563","Yes","1","0",NA,"Student",2,4,5,1,"Staff","Academic Staff"
"564","Yes","0","0","1","Student",5,4,5,0,"Student","PhD Student"
"565","Yes","1","0","1","Student",3,5,4,0,"Student","PhD Student"
"566","Yes","1","0","1","Student",3,5,5,1,"Staff","Non-Academic Staff"
"567","No","0",NA,NA,NA,0,NA,NA,NA,NA,NA
"568","Yes","1",NA,"1","Student",3,4,4,1,"Staff","Academic Staff"
"569","Yes","1","0","1","Staff",4,3,6,1,"Staff","Academic Staff"
"570","Yes","1","0","1","Staff",2,3,4,1,"Staff","Non-Academic Staff"
"571","No","1",NA,NA,NA,0,NA,NA,NA,NA,NA
"572","Yes","1","0","1","Student",6,4,5,1,"Staff","Academic Staff"
"573","Yes","1","0","1","Student",6,4,5,0,"Student","PhD Student"
"574","Yes","1","0","1","Student",4,3,5,0,"Student","PhD Student"
"575","Yes","1","0","0","Student",4,1,1,1,"Staff","Academic Staff"
"576","Yes","1","0","1","Student",4,3,4,0,"Student","PhD Student"
"577","Yes","1","0","1","Student",4,3,5,0,"Student","PhD Student"
"578","Yes","1","0","1","Student",4,4,5,0,"Student","PhD Student"
"579","Yes","1","0","0","Student",3,4,5,1,"Staff","Academic Staff"
"580","Yes","1","0","1","Student",7,4,5,0,"Student","PhD Student"
"581","Yes","1","0","1","Student",12,2,3,1,"Staff","Academic Staff"
"582","Yes","0","0","0","Student",8,5,5,1,"Staff","Non-Academic Staff"
"583","Yes","1",NA,"0","Student",2,1,2,1,"Staff","Academic Staff"
"584","Yes","1","1",NA,"Student",2,4,4,1,"Staff","Academic Staff"
"585","Yes","0","0","1","Student",8,3,5,1,"Staff","Academic Staff"
"586","Yes","1","0","1","Student",3,1,2,1,"Staff","Academic Staff"
"587","Yes","1",NA,NA,"Staff",2,2,2,1,"Staff","Academic Staff"
"588","Yes","1","0","1","Student",5,1,3,0,"Student","PhD Student"
"589","Yes","1","0","1","Student",4,4,5,0,"Student","PhD Student"
"590","Yes","1","0","1","Student",6,3,5,0,"Student","PhD Student"
"591","Yes","1","1","0","Staff",1,2,2,1,"Staff","Academic Staff"
"592","No","1",NA,NA,NA,0,NA,NA,NA,NA,NA
"593","No","1",NA,NA,NA,0,NA,NA,NA,NA,NA
"594","Yes","1","0","1","Student",3,4,4,0,"Student","PhD Student"
"595","No","1",NA,NA,NA,0,NA,NA,NA,NA,NA
"596","Yes","1","0","1","Student",5,5,4,0,"Student","PhD Student"
"597","No","1",NA,NA,NA,0,NA,NA,NA,NA,NA
"598","No","1",NA,NA,NA,0,NA,NA,NA,NA,NA
"599","Yes","1","0","1","Student",3,4,4,0,"Student","PhD Student"
"600","Yes","1","0","1","Staff",4,2,3,0,"Student","PhD Student"
"601","No","0",NA,NA,NA,0,NA,NA,NA,NA,NA
"602","No","0",NA,NA,NA,0,NA,NA,NA,NA,NA
"603","Yes","1","0","1","Student",3,3,5,0,"Student","PhD Student"
"604","Yes","1","1","1","Student",2,4,5,1,"Staff","Academic Staff"
"605","Yes","1","1","0","Student",2,5,5,1,"Staff","Academic Staff"
"606","Yes","1","0","1","Student",1,1,2,1,"Staff","Academic Staff"
"607","Yes","1","0","1","Student",3,3,2,0,"Student","PhD Student"
"608","Yes","1","0","1","Student",6,4,5,0,"Student","PhD Student"
"609","Yes","0","0","1","Student",3,2,4,0,"Student","Masters Student"
"610","Yes","1","1","1","Student",2,2,2,0,"Student","PhD Student"
"611","Yes","0","1","0","Student",1,4,5,1,"Staff","Academic Staff"
"612","Yes","0","0","1","Student",3,4,4,0,"Student","PhD Student"
"613","Yes","1","0","1","Student",4,2,4,0,"Student","PhD Student"
"614","Yes","1","0","1","Student",4,1,5,0,"Student","Masters Student"
"615","Yes","1","1","1","Staff",5,2,4,1,"Staff","Academic Staff"
"616","No","1",NA,NA,NA,0,NA,NA,NA,NA,NA
"617","Yes","1",NA,"1","Student",3,5,5,1,"Staff","Academic Staff"
"618","Yes","1","0","0","Staff",3,2,3,1,"Staff","Academic Staff"
"619","Yes","1","1","1","Student",3,4,5,1,"Staff","Non-Academic Staff"
"620","Yes","0",NA,"1","Student",2,4,3,1,"Staff","Academic Staff"
"621","Yes","1","0","1","Student",5,4,5,0,"Student","PhD Student"
"622","Yes","1","0","1","Student",3,5,4,0,"Student","Undergraduate"
"623","Yes","1","0","1","Staff",4,4,5,0,"Student","PhD Student"
"624","Yes","0","0","1","Student",1,4,4,0,"Student","PhD Student"
"625","Yes","1","0","1","Student",3,4,5,0,"Student","PhD Student"
"626","Yes","0","1","0","Student",1,2,4,1,"Staff","Academic Staff"
"627","Yes","1","0","0","Student",0,3,3,0,"Student","PhD Student"
"628","Yes","1","0","0","Student",7,5,5,0,"Student","Masters Student"
"629","Yes","1","0","0","Student",1,3,4,1,"Staff","Non-Academic Staff"
"630","Yes","1","0","1","Student",2,4,4,1,"Staff","Academic Staff"
"631","Yes","1","0","0","Student",4,3,5,0,"Student","Masters Student"
"632","Yes","1","0",NA,"Student",3,4,1,0,"Student","PhD Student"
"633","Yes","1","0","1","Staff",4,4,4,1,"Staff","Academic Staff"
"634","Yes","1","0","0","Staff",4,3,4,1,"Staff","Academic Staff"
"635","Yes","0","0","0","Staff",5,4,5,1,"Staff","Academic Staff"
"636","No","1",NA,NA,NA,0,NA,NA,NA,NA,NA
"637","Yes","0","0","1","Student",6,4,5,0,"Student","Undergraduate"
"638","Yes","1","0","1","Student",8,4,5,0,"Student","PhD Student"
"639","Yes","1","0","0","Student",1,1,1,0,"Student","Undergraduate"
"640","No","0",NA,NA,NA,0,NA,NA,NA,NA,NA
"641","Yes","1","0","1","Staff",5,5,5,0,"Student","PhD Student"
"642","Yes","0","0","1","Staff",1,2,2,1,"Staff","Academic Staff"
"643","Yes","1","0","1","Staff",3,2,4,1,"Staff","Academic Staff"
"644","Yes","1","0","1","Student",4,4,4,0,"Student","PhD Student"
"645","Yes","0","0","1","Student",2,2,5,0,"Student","Masters Student"
"646","Yes","0","1","0","Student",1,4,5,1,"Staff","Academic Staff"
"647","No","0",NA,NA,NA,0,NA,NA,NA,NA,NA
"648","Yes","1","0","1","Student",7,2,2,1,"Staff","Academic Staff"
"649","Yes","1","0","1","Student",2,3,5,0,"Student","PhD Student"
"650","Yes","1","0","1","Staff",3,4,5,1,"Staff","Academic Staff"
"651","Yes","0","0","0","Student",1,5,5,0,"Student","PhD Student"
"652","No","0",NA,NA,NA,0,NA,NA,NA,NA,NA
"653","Yes","0","1","0","Student",3,3,5,1,"Staff","Academic Staff"
"654","Yes","1","0","0","Student",3,1,1,1,"Staff","Academic Staff"
"655","Yes","1","0","1","Student",3,4,5,1,"Staff","Academic Staff"
"656","No","1",NA,NA,NA,0,NA,NA,NA,NA,NA
"657","Yes","1","0","1","Student",5,4,5,0,"Student","PhD Student"
"658","Yes","1","0","1","Student",5,4,5,0,"Student","PhD Student"
"659","Yes","0","0","0","Student",3,4,1,0,"Student","PhD Student"
"660","Yes","1","0",NA,"Student",2,4,4,0,"Student","PhD Student"
"661","Yes","1","0","1","Staff",4,2,2,1,"Staff","Academic Staff"
"662","Yes","0","0","1","Student",4,3,5,0,"Student","PhD Student"
"663","Yes","0",NA,"0","Staff",2,5,5,1,"Staff","Academic Staff"
"664","Yes","1","1",NA,"Staff",2,4,4,1,"Staff","Academic Staff"
"665","Yes","1","0","1","Student",3,4,5,0,"Student","PhD Student"
"666","Yes","0","0","0","Staff",1,3,5,1,"Staff","Academic Staff"
"667","No","0",NA,NA,NA,0,NA,NA,NA,NA,NA
"668","Yes","1","0","1","Staff",5,5,4,0,"Student","PhD Student"
"669","Yes","0","1","0","Staff",2,3,4,1,"Staff","Academic Staff"
"670","Yes","0","0","1","Student",7,2,4,0,"Student","PhD Student"
"671","Yes","1","0","1","Student",3,3,5,1,"Staff","Academic Staff"
"672","Yes","1","0","1","Staff",4,3,2,1,"Staff","Academic Staff"
"673","Yes","1","0","1","Student",7,1,2,0,"Student","PhD Student"
"674","Yes","1","0","1","Staff",3,2,4,1,"Staff","Academic Staff"
"675","Yes","1","1","1","Student",5,5,5,0,"Student","Undergraduate"
"676","Yes","0","0","1","Student",2,4,5,0,"Student","Masters Student"
"677","Yes","1","0","0","Student",1,3,4,1,"Staff","Academic Staff"
"678","No","1",NA,NA,NA,0,NA,NA,NA,NA,NA
"679","Yes","0","0","0","Student",1,2,3,1,"Staff","Academic Staff"
"680","Yes","0","0","0","Student",1,NA,NA,0,"Student","Masters Student"
"681","No","1",NA,NA,NA,0,NA,NA,NA,NA,NA
"682","Yes","0","0","1","Student",5,4,5,0,"Student","Undergraduate"
"683","Yes","1","0","1","Student",6,2,4,0,"Student","PhD Student"
"684","Yes","0","1","0","Staff",1,2,2,1,"Staff","Academic Staff"
"685","Yes","1","0","1","Student",2,1,5,0,"Student","PhD Student"
"686","Yes","1","0","0","Student",6,4,5,0,"Student","PhD Student"
"687","Yes","1","0","1","Student",1,2,4,0,"Student","PhD Student"
"688","Yes","1","0","1","Staff",3,2,5,1,"Staff","Non-Academic Staff"
"689","Yes","1","0","1","Staff",4,5,5,1,"Staff","Non-Academic Staff"
"690","Yes","1","0","0",NA,1,5,5,NA,NA,"Other"
"691","No","0",NA,NA,NA,0,NA,NA,NA,NA,NA
"692","Yes","0","0","1","Student",5,4,4,0,"Student","Masters Student"
"693","Yes","1","1","1","Student",3,5,5,0,"Student","PhD Student"
"694","No","0",NA,NA,NA,0,NA,NA,NA,NA,NA
"695","Yes","0","0","0","Staff",2,4,5,0,"Student","Masters Student"
"696","No","0",NA,NA,NA,0,NA,NA,NA,NA,NA
"697","Yes","1","0",NA,"Student",3,2,4,0,"Student","PhD Student"
"698","No","1",NA,NA,NA,0,NA,NA,NA,NA,NA
"699","Yes","1","0","1","Student",4,3,5,1,"Staff","Non-Academic Staff"
"700","No","0",NA,NA,NA,0,NA,NA,NA,NA,NA
"701","Yes","1","0","1","Student",1,4,5,0,"Student","PhD Student"
"702","Yes","1","0",NA,"Staff",3,2,5,1,"Staff","Academic Staff"
"703","No","0",NA,NA,NA,0,NA,NA,NA,NA,NA
"704","Yes","1","0",NA,"Student",1,2,4,0,"Student","PhD Student"
"705","No","0",NA,NA,NA,0,NA,NA,NA,NA,NA
"706","Yes","1","0","1","Student",4,4,5,0,"Student","PhD Student"
"707","Yes","0","0","1","Student",1,4,5,0,"Student","Undergraduate"
"708","No","1",NA,NA,NA,0,NA,NA,NA,NA,NA
"709","No","0",NA,NA,NA,0,NA,NA,NA,NA,NA
"710","No","1",NA,NA,NA,0,NA,NA,NA,NA,NA
"711","Yes","1","0","0","Student",4,5,5,1,"Staff",NA
"712","Yes","1","0","1","Student",6,5,4,0,"Student","PhD Student"
"713","Yes","0","0","1","Student",1,5,5,0,"Student","PhD Student"
"714","Yes","1","0","1","Student",4,4,5,0,"Student","PhD Student"
"715","No","0",NA,NA,NA,0,NA,NA,NA,NA,NA
"716","Yes","1","0","1","Student",4,5,4,0,"Student","PhD Student"
"717","No","0",NA,NA,NA,0,NA,NA,NA,NA,NA
"718","Yes","1","0","1","Student",7,4,3,0,"Student","PhD Student"
"719","No","0",NA,NA,NA,0,NA,NA,NA,NA,NA
"720","Yes","0","0","1","Student",4,4,5,0,"Student","PhD Student"
"721","Yes","1","0","1","Staff",3,5,4,1,"Staff","Academic Staff"
"722","Yes","0","0","1","Student",3,4,5,0,"Student","PhD Student"
"723","Yes","1","0","0","Student",1,5,5,1,"Staff","Non-Academic Staff"
"724","Yes","1","0","1","Staff",6,4,4,0,"Student","PhD Student"
"725","Yes","1","0","0","Student",4,4,5,1,"Staff","Academic Staff"
"726","Yes","1","0","1","Student",4,2,4,1,"Staff","Academic Staff"
"727","Yes","1","0","1","Staff",8,4,4,1,"Staff","Academic Staff"
"728","Yes","1","0",NA,"Staff",7,2,2,1,"Staff","Academic Staff"
"729","Yes","1","0",NA,"Student",2,2,2,1,"Staff","Academic Staff"
"730","Yes","0","1","0","Student",6,5,5,1,"Staff","Academic Staff"
"731","Yes","1","0",NA,"Student",5,2,2,0,"Student","PhD Student"
"732","Yes","1","0","1","Student",6,4,5,0,"Student","PhD Student"
"733","Yes","1","0",NA,"Student",3,3,4,1,"Staff","Academic Staff"
"734","Yes","0",NA,"1","Staff",2,2,4,1,"Staff","Academic Staff"
"735","Yes","1","0","1","Student",1,1,2,0,"Student","PhD Student"
"736","No","1",NA,NA,NA,0,NA,NA,NA,NA,NA
"737","No","0",NA,NA,NA,0,NA,NA,NA,NA,NA
"738","Yes","1","0","0","Student",1,4,4,0,"Student","PhD Student"
"739","Yes","1","1","1","Student",5,2,5,1,"Staff","Academic Staff"
"740","Yes","1",NA,"0","Student",4,2,4,1,"Staff","Academic Staff"
"741","No","0",NA,NA,NA,0,NA,NA,NA,NA,NA
"742","Yes","1","0",NA,"Student",5,4,6,1,"Staff","Academic Staff"
"743","Yes","1","0","0","Student",3,3,3,0,"Student","PhD Student"
"744","Yes","1","0","0","Student",2,4,5,0,"Student","PhD Student"
"745","No","0",NA,NA,NA,0,NA,NA,NA,NA,NA
"746","Yes","1","0","1","Student",2,5,5,1,"Staff","Academic Staff"
"747","Yes","1","0",NA,"Student",4,3,2,0,"Student","PhD Student"
"748","Yes","0","1","0","Student",2,4,4,1,"Staff","Academic Staff"
"749","Yes","0","1","1","Student",2,5,4,1,"Staff","Academic Staff"
"750","Yes","1","0","0","Student",3,5,5,1,"Staff","Academic Staff"
"751","No","1",NA,NA,NA,0,NA,NA,NA,NA,NA
"752","Yes","1","1","0","Student",2,2,2,1,"Staff","Academic Staff"
"753","Yes","1","0","0","Staff",4,1,2,1,"Staff","Academic Staff"
"754","Yes","1","0","1","Student",4,3,4,0,"Student","PhD Student"
"755","Yes","0","0","1","Staff",2,3,2,1,"Staff","Academic Staff"
"756","Yes","1","0","0","Student",2,4,4,1,"Staff","Academic Staff"
"757","No","1",NA,NA,NA,0,NA,NA,NA,NA,NA
"758","Yes","1","0","1","Student",1,1,2,1,"Staff","Academic Staff"
"759","Yes","1","0","1","Student",1,4,4,0,"Student","PhD Student"
"760","Yes","1","0","1","Student",4,4,5,0,"Student","PhD Student"
"761","Yes","0","0","1","Student",2,4,5,0,"Student","PhD Student"
"762","Yes","1","1","0","Staff",4,5,5,1,"Staff","Academic Staff"
"763","Yes","1","0","1","Student",3,2,2,0,"Student","PhD Student"
"764","Yes","0","0","1","Staff",1,3,4,0,"Student","PhD Student"
"765","Yes","1","0","1","Staff",4,2,2,0,"Student","PhD Student"
"766","Yes","1","0","1","Student",2,2,2,1,"Staff","Academic Staff"
"767","Yes","0","0","0","Student",2,4,4,1,"Staff","Academic Staff"
"768","Yes","1","0","1","Student",3,2,5,0,"Student","PhD Student"
"769","No","0",NA,NA,NA,0,NA,NA,NA,NA,NA
"770","No","1",NA,NA,NA,0,NA,NA,NA,NA,NA
"771","Yes","1","0",NA,"Student",4,4,5,0,"Student","PhD Student"
"772","Yes","0","0","0","Student",6,4,5,1,"Staff","Academic Staff"
"773","Yes","1","1","1","Student",5,4,4,1,"Staff","Academic Staff"
"774","Yes","1","0","0","Student",1,2,2,1,"Staff","Academic Staff"
"775","Yes","0",NA,NA,"Student",2,1,5,1,"Staff","Academic Staff"
"776","No","1",NA,NA,NA,0,NA,NA,NA,NA,NA
"777","Yes","1","1","0","Staff",3,4,4,1,"Staff","Academic Staff"
"778","Yes","1","0","1","Student",6,NA,NA,0,"Student","PhD Student"
"779","No","0",NA,NA,NA,0,NA,NA,NA,NA,NA
"780","Yes","1","1","0","Student",4,5,5,1,"Staff","Academic Staff"
"781","Yes","1","0","1","Student",4,4,4,0,"Student","Undergraduate"
"782","Yes","1","0","0","Student",3,3,5,0,"Student","PhD Student"
"783","Yes","1","0","1","Staff",3,2,5,0,"Student","PhD Student"
"784","Yes","1","0","1","Student",3,4,5,1,"Staff","Academic Staff"
"785","Yes","1","0","1","Student",5,3,4,0,"Student","Masters Student"
"786","Yes","1","0","1","Staff",3,2,4,1,"Staff","Academic Staff"
"787","Yes","0","0","1","Student",3,3,4,0,"Student","PhD Student"
"788","Yes","0","1","0","Student",1,2,5,1,"Staff","Academic Staff"
"789","Yes","0","1","0",NA,3,3,4,1,"Staff","Academic Staff"
"790","Yes","1","0","1","Student",6,4,5,0,"Student","PhD Student"
"791","Yes","0","0","1","Student",1,4,5,0,"Student","PhD Student"
"792","Yes","0","0","0","Staff",2,4,5,1,"Staff","Academic Staff"
"793","Yes","0","0","0","Staff",2,2,3,1,"Staff","Academic Staff"
"794","Yes","1","0","0","Student",3,4,5,1,"Staff","Academic Staff"
"795","Yes","1","0",NA,"Staff",4,2,3,0,"Student","PhD Student"
"796","Yes","1","0","1","Staff",5,4,5,1,"Staff","Academic Staff"
"797","Yes","1","0","0","Student",1,5,5,0,"Student","Masters Student"
"798","Yes","1","0",NA,"Student",3,2,4,1,"Staff","Academic Staff"
"799","Yes","1","0","1","Student",1,4,5,1,"Staff","Academic Staff"
"800","Yes","1","0","1","Staff",8,4,4,1,"Staff","Academic Staff"
"801","Yes","1","0","1","Staff",5,1,5,1,"Staff","Academic Staff"
"802","Yes","1","0","1","Student",7,1,2,0,"Student","PhD Student"
"803","Yes","1","0","1","Staff",4,3,1,1,"Staff","Academic Staff"
"804","Yes","0","1","0","Student",2,2,4,1,"Staff","Academic Staff"
"805","Yes","0","0","0","Student",4,2,4,1,"Staff","Academic Staff"
"806","Yes","0","1","1","Student",9,5,5,1,"Staff","Academic Staff"
"807","Yes","1","0","1","Student",2,2,2,0,"Student","Masters Student"
"808","Yes","1","0","1","Student",4,4,4,0,"Student","PhD Student"
"809","Yes","0","0","1","Student",5,2,5,0,"Student","PhD Student"
"810","Yes","1","0",NA,"Student",1,5,5,1,"Staff","Academic Staff"
"811","Yes","1","0","1","Student",3,1,4,0,"Student","PhD Student"
"812","Yes","0","1","0","Staff",2,2,2,1,"Staff","Academic Staff"
"813","Yes","0","0","1","Student",2,4,4,0,"Student","PhD Student"
"814","Yes","1","1","0","Student",2,2,2,1,"Staff","Academic Staff"
"815","No","1",NA,NA,NA,0,NA,NA,NA,NA,NA
"816","Yes","1","0","0","Staff",5,4,5,0,"Student","PhD Student"
"817","Yes","1","0","1","Student",4,3,4,0,"Student","PhD Student"
"818","Yes","1","0","1","Student",7,3,4,0,"Student","PhD Student"
"819","Yes","0","0","0","Student",2,2,5,0,"Student","PhD Student"
"820","Yes","0","0","1","Student",3,2,4,0,"Student","PhD Student"
"821","Yes","1","0","1","Student",4,NA,NA,0,"Student","Undergraduate"
"822","Yes","1","0",NA,"Student",6,3,4,1,"Staff","Academic Staff"
"823","Yes","1","0","0","Staff",2,2,2,1,"Staff","Academic Staff"
"824","No","0",NA,NA,NA,0,NA,NA,NA,NA,NA
"825","Yes","1","1","0","Staff",3,4,4,1,"Staff","Academic Staff"
"826","Yes","1","0",NA,"Student",1,5,5,0,"Student","Masters Student"
"827","Yes","0","1","1","Staff",1,2,2,1,"Staff","Academic Staff"
"828","Yes","1","0","1","Student",3,2,4,0,"Student","PhD Student"
"829","Yes","0","0","0","Student",1,5,5,1,"Staff","Academic Staff"
"830","Yes","1","0","1","Student",11,3,3,0,"Student","PhD Student"
"831","Yes","1","0",NA,"Staff",2,1,2,0,"Student","PhD Student"
"832","Yes","1","0","1","Student",6,1,2,1,"Staff","Academic Staff"
"833","Yes","1","0","1","Student",4,4,5,0,"Student","PhD Student"
"834","Yes","1","0","1","Student",4,4,5,0,"Student","PhD Student"
"835","Yes","0","0","1","Student",6,5,5,0,"Student","PhD Student"
"836","No","1",NA,NA,NA,0,NA,NA,NA,NA,NA
"837","Yes","1","1","0","Student",1,4,5,1,"Staff","Non-Academic Staff"
"838","Yes","1","0","1","Student",6,3,5,0,"Student","PhD Student"
"839","Yes","1","0","1","Staff",3,4,4,1,"Staff","Academic Staff"
"840","Yes","1","0","0","Staff",3,2,2,0,"Student","PhD Student"
"841","Yes","1","1","0","Student",4,4,4,1,"Staff","Academic Staff"
"842","Yes","1","0","1","Student",5,2,4,0,"Student","PhD Student"
"843","No","1",NA,NA,NA,0,NA,NA,NA,NA,NA
"844","Yes","1","0","0","Student",3,4,5,1,"Staff","Non-Academic Staff"
"845","Yes","0","0","1","Student",2,2,3,1,"Staff","Academic Staff"
"846","Yes","1",NA,NA,"Student",2,2,1,0,"Student","PhD Student"
"847","Yes","0","0","0","Student",5,4,4,0,"Student","PhD Student"
"848","Yes","0","0","1","Staff",1,4,5,0,"Student","PhD Student"
"849","Yes","1","0","0","Staff",3,3,4,1,"Staff","Academic Staff"
"850","Yes","0","0","0","Staff",2,4,4,1,"Staff","Academic Staff"
"851","Yes","1","1","0","Student",3,4,4,1,"Staff","Academic Staff"
"852","Yes","0","0",NA,"Student",4,3,5,1,"Staff","Academic Staff"
"853","Yes","1","0","1","Student",5,2,2,1,"Staff","Academic Staff"
"854","Yes","0","0","0","Student",2,4,5,0,"Student","PhD Student"
"855","Yes","0","0","1","Student",5,4,5,0,"Student","PhD Student"
"856","Yes","1","0","1","Student",1,3,5,1,"Staff","Academic Staff"
"857","Yes","1","0","1","Student",1,5,4,0,"Student","PhD Student"
"858","Yes","0","0","1","Student",5,4,5,0,"Student","PhD Student"
"859","Yes","1","0",NA,"Student",3,5,2,0,"Student","PhD Student"
"860","Yes","1","0","1","Staff",4,5,4,0,"Student","PhD Student"
"861","No","0",NA,NA,NA,0,NA,NA,NA,NA,NA
"862","Yes","0","0","1","Staff",2,5,5,0,"Student","PhD Student"
"863","Yes","1","0","1","Staff",4,4,4,1,"Staff","Academic Staff"
"864","Yes","1","0","0","Student",3,4,5,0,"Student","Undergraduate"
"865","Yes","0","1","0","Student",2,5,5,1,"Staff","Academic Staff"
"866","Yes","0","0","0","Student",5,4,4,0,"Student","Masters Student"
"867","No","0",NA,NA,NA,0,NA,NA,NA,NA,NA
"868","Yes","0",NA,"1","Student",1,5,4,0,"Student","PhD Student"
"869","Yes","1","0","1","Student",4,3,5,0,"Student","PhD Student"
"870","No","0",NA,NA,NA,0,NA,NA,NA,NA,NA
"871","Yes","0","0","1","Student",6,5,5,1,"Staff","Non-Academic Staff"
"872","No","1",NA,NA,NA,0,NA,NA,NA,NA,NA
"873","Yes","0","0","1","Student",2,2,4,0,"Student","PhD Student"
"874","Yes","0","0","0","Student",2,4,4,0,"Student","PhD Student"
"875","Yes","1","0","1","Student",3,2,3,0,"Student","PhD Student"
"876","Yes","1","0","1","Student",2,4,4,0,"Student","PhD Student"
"877","Yes","1","1","0","Student",2,2,2,0,"Student","Masters Student"
"878","No","1",NA,NA,NA,0,NA,NA,NA,NA,NA
"879","Yes","1","0","0","Student",1,5,5,1,"Staff","Academic Staff"
"880","Yes","1","1","1","Student",2,2,3,1,"Staff","Academic Staff"
"881","No","1",NA,NA,NA,0,NA,NA,NA,NA,NA
"882","Yes","1","0","0","Student",1,4,4,1,"Staff","Academic Staff"
"883","Yes","1","0","1","Student",2,2,2,1,"Staff","Academic Staff"
"884","Yes","1","0","0","Student",3,4,5,0,"Student","Masters Student"
"885","Yes","1","0",NA,"Student",2,2,4,0,"Student","PhD Student"
"886","Yes","1","1","1","Staff",9,5,5,1,"Staff","Non-Academic Staff"
"887","Yes","0","0",NA,"Student",5,4,5,1,"Staff","Academic Staff"
"888","No","0",NA,NA,NA,0,NA,NA,NA,NA,NA
"889","Yes","1","0",NA,"Student",1,2,2,0,"Student","PhD Student"
"890","Yes","0","0","1","Staff",1,5,5,1,"Staff","Academic Staff"
"891","Yes","1",NA,"1","Student",1,2,2,1,"Staff","Academic Staff"
"892","Yes","1","0","1","Student",5,2,1,0,"Student","PhD Student"
"893","Yes","0","1","0","Student",1,3,3,1,"Staff","Academic Staff"
"894","No","1",NA,NA,NA,0,NA,NA,NA,NA,NA
"895","No","0",NA,NA,NA,0,NA,NA,NA,NA,NA
"896","No","0",NA,NA,NA,0,NA,NA,NA,NA,NA
"897","Yes","1","0","0","Student",7,4,5,0,"Student","PhD Student"
"898","Yes","1","0","1","Student",7,5,6,1,"Staff","Academic Staff"
"899","Yes","1","0","1","Student",5,2,2,1,"Staff","Academic Staff"
"900","Yes","0","0","1","Staff",4,2,2,0,"Student","PhD Student"
"901","Yes","1","0","1","Student",2,4,5,0,"Student","PhD Student"
"902","Yes","1","0","1","Student",2,3,5,0,"Student","Masters Student"
"903","No","0",NA,NA,NA,0,NA,NA,NA,NA,NA
"904","Yes","1","0","1","Staff",2,2,2,1,"Staff","Academic Staff"
"905","Yes","1","0","1","Student",4,4,5,0,"Student","PhD Student"
"906","Yes","1","0",NA,"Student",4,4,5,1,"Staff",NA
"907","Yes","1","0","0","Student",4,2,5,1,"Staff","Non-Academic Staff"
"908","Yes","1","0","0","Student",3,4,4,1,"Staff","Academic Staff"
"909","Yes","0","1","1","Student",3,1,1,1,"Staff","Academic Staff"
"910","Yes","1","0","0","Staff",1,1,1,1,"Staff","Academic Staff"
"911","Yes","1","0",NA,"Student",2,1,2,0,"Student","PhD Student"
"912","Yes","1","1","1","Student",2,2,5,1,"Staff","Academic Staff"
"913","Yes","0","0","1","Student",3,2,5,0,"Student","PhD Student"
"914","Yes","1","0","1","Student",5,4,5,0,"Student","PhD Student"
"915","No","1",NA,NA,NA,0,NA,NA,NA,NA,NA
"916","Yes","0","1","0","Student",1,3,3,1,"Staff","Academic Staff"
"917","Yes","1","1","0","Student",1,2,1,1,"Staff","Academic Staff"
"918","Yes","0","1","1","Staff",1,1,1,1,"Staff","Academic Staff"
"919","Yes","1","0",NA,"Student",3,1,1,0,"Student","PhD Student"
"920","Yes","0","0","1","Student",1,4,5,1,"Staff","Academic Staff"
"921","No","1",NA,NA,NA,0,NA,NA,NA,NA,NA
"922","Yes","1","0","1","Staff",3,2,2,1,"Staff","Academic Staff"
"923","Yes","0","0","0","Student",6,3,4,0,"Student","PhD Student"
"924","Yes","0","0","0","Staff",1,2,2,0,"Student","PhD Student"
"925","No","1",NA,NA,NA,0,NA,NA,NA,NA,NA
"926","Yes","1","1","1","Student",2,1,1,1,"Staff","Non-Academic Staff"
"927","Yes","0","0","0","Student",4,1,2,1,"Staff","Academic Staff"
"928","Yes","1","0","1","Student",3,4,5,0,"Student","PhD Student"
"929","Yes","1","0","0","Staff",4,3,4,0,"Student","PhD Student"
"930","Yes","1","0","0","Student",5,2,2,0,"Student","PhD Student"
"931","Yes","1","0","1","Student",2,4,4,0,"Student","PhD Student"
"932","Yes","1","0","1","Student",4,1,1,1,"Staff","Academic Staff"
"933","Yes","1","0","1","Staff",4,5,5,1,"Staff","Academic Staff"
"934","Yes","1","0","1","Staff",3,4,6,0,"Student","PhD Student"
"935","Yes","1","0","1","Student",3,3,4,0,"Student","PhD Student"
"936","Yes","0","0","1","Student",1,3,4,0,"Student","PhD Student"
"937","Yes","0","0","1",NA,9,5,5,1,"Staff","Academic Staff"
"938","Yes","1","0","1","Staff",7,5,1,1,"Staff","Academic Staff"
"939","Yes","1","0","1","Student",3,2,3,0,"Student","PhD Student"
"940","Yes","0","1","0","Student",4,4,5,1,"Staff","Academic Staff"
"941","Yes","1","1","0","Student",8,4,4,1,"Staff","Academic Staff"
"942","Yes","0","0","0","Staff",2,5,5,1,"Staff","Academic Staff"
"943","Yes","1","0","1","Student",9,1,5,0,"Student","PhD Student"
"944","Yes","0","0","1","Staff",5,3,5,1,"Staff","Non-Academic Staff"
"945","Yes","1","1","0","Student",6,4,5,1,"Staff","Academic Staff"
"946","Yes","1","0","0","Staff",6,5,3,0,"Student","PhD Student"
"947","Yes","1","1","0","Student",5,5,4,0,"Student","PhD Student"
"948","No","0",NA,NA,NA,0,NA,NA,NA,NA,NA
"949","Yes","1","0","1","Student",5,3,4,0,"Student","PhD Student"
"950","Yes","1","0","1","Staff",4,4,5,1,"Staff","Academic Staff"
"951","Yes","0","1","0","Student",1,4,4,NA,NA,"Other"
"952","Yes","1","0","1","Student",1,3,4,0,"Student","Masters Student"
"953","Yes","1","1","0","Student",2,2,2,1,"Staff","Academic Staff"
"954","Yes","1","1","1","Student",4,3,4,1,"Staff","Academic Staff"
"955","Yes","1","0","0","Student",5,2,4,0,"Student","PhD Student"
"956","Yes","0","0","1","Student",3,4,1,0,"Student","PhD Student"
"957","Yes","1","0","1","Student",2,1,4,1,"Staff","Academic Staff"
"958","No","1",NA,NA,NA,0,NA,NA,NA,NA,NA
"959","Yes","0","0","0","Student",4,2,5,0,"Student","PhD Student"
"960","Yes","1","1","1","Student",5,4,4,1,"Staff","Academic Staff"
"961","No","1",NA,NA,NA,0,NA,NA,NA,NA,NA
"962","Yes","1","0","1","Student",5,2,4,0,"Student","PhD Student"
"963","No","0",NA,NA,NA,0,NA,NA,NA,NA,NA
"964","Yes","1","0","0","Staff",3,4,4,1,"Staff","Academic Staff"
"965","Yes","0","0","1","Student",6,3,5,0,"Student","Masters Student"
"966","Yes","1","0","0","Staff",2,2,2,1,"Staff","Academic Staff"
"967","Yes","0","1","0","Student",5,2,2,1,"Staff","Academic Staff"
"968","Yes","1","0","1","Student",4,5,4,0,"Student","PhD Student"
"969","Yes","1","0","0","Student",2,4,5,1,"Staff","Academic Staff"
"970","Yes","0","1","0","Student",2,5,5,1,"Staff","Academic Staff"
"971","Yes","1","1","1","Student",3,3,5,1,"Staff","Academic Staff"
"972","Yes","0","0",NA,"Staff",5,2,3,1,"Staff","Academic Staff"
"973","Yes","1","0","1","Student",4,4,4,0,"Student","PhD Student"
"974","No","0",NA,NA,NA,0,NA,NA,NA,NA,NA
"975","Yes","1","1","1","Student",5,4,4,1,"Staff","Academic Staff"
"976","Yes","1","0","0","Staff",4,2,4,1,"Staff","Academic Staff"
"977","Yes","1","0","1","Student",8,4,5,0,"Student","PhD Student"
"978","Yes","0","1","0","Student",1,3,4,1,"Staff","Academic Staff"
"979","Yes","1","0","1","Student",4,3,4,1,"Staff","Academic Staff"
"980","Yes","1","0","0","Student",3,2,3,1,"Staff","Academic Staff"
"981","Yes","0","0","0","Student",1,4,4,1,"Staff","Academic Staff"
"982","Yes","1","0","1","Staff",4,5,5,1,"Staff","Academic Staff"
"983","Yes","1","0","1","Student",9,4,5,1,"Staff","Academic Staff"
"984","Yes","1",NA,"1","Student",3,2,2,1,"Staff","Academic Staff"
"985","Yes","1","0","0","Staff",4,3,3,1,"Staff","Academic Staff"
"986","Yes","0","0","0","Student",2,2,1,1,"Staff","Academic Staff"
"987","Yes","1","0",NA,"Staff",2,4,5,1,"Staff","Academic Staff"
"988","Yes","1","0","1","Student",5,4,4,1,"Staff","Academic Staff"
"989","Yes","1","0","1","Student",4,4,4,0,"Student","PhD Student"
"990","No","0",NA,NA,NA,0,NA,NA,NA,NA,NA
"991","Yes","1","0","1","Student",3,2,6,1,"Staff","Academic Staff"
"992","Yes","0","0","1","Student",2,5,5,0,"Student","PhD Student"
"993","Yes","1","0","1","Student",3,4,5,0,"Student","Masters Student"
"994","Yes","1","0","1","Staff",3,4,4,1,"Staff","Non-Academic Staff"
"995","Yes","0","0","1","Staff",5,3,4,1,"Staff","Non-Academic Staff"
"996","Yes","0","1","1","Student",1,4,5,1,"Staff","Academic Staff"
"997","Yes","1","0","1","Student",3,5,5,1,"Staff","Academic Staff"
"998","Yes","1","0","1","Student",3,3,5,0,"Student","Undergraduate"
"999","No","1",NA,NA,NA,0,NA,NA,NA,NA,NA
"1000","Yes","1","1","1","Student",2,3,4,1,"Staff","Academic Staff"
"1001","No","0",NA,NA,NA,0,NA,NA,NA,NA,NA
"1002","No","1",NA,NA,NA,0,NA,NA,NA,NA,NA
"1003","No","0",NA,NA,NA,0,NA,NA,NA,NA,NA
"1004","Yes","0","1",NA,"Student",5,2,2,1,"Staff","Academic Staff"
"1005","Yes","1","0","1","Student",3,4,5,1,"Staff","Academic Staff"
"1006","Yes","1","0","1","Student",4,2,4,0,"Student","PhD Student"
"1007","Yes","1","0","1","Student",10,3,3,1,"Staff","Academic Staff"
"1008","Yes","0","1","0","Staff",3,3,3,1,"Staff","Academic Staff"
"1009","Yes","1","0","0","Student",2,4,5,1,"Staff","Academic Staff"
"1010","Yes","1","1","0","Student",3,2,2,1,"Staff","Academic Staff"
"1011","No","1",NA,NA,NA,0,NA,NA,NA,NA,NA
"1012","Yes","1",NA,"0","Student",2,2,5,1,"Staff","Academic Staff"
"1013","Yes","1","0","0","Student",1,4,5,1,"Staff","Academic Staff"
"1014","Yes","1","0",NA,"Staff",3,1,2,1,"Staff","Academic Staff"
"1015","Yes","1","0","1","Student",1,4,2,NA,NA,"Other"
"1016","Yes","1","0",NA,"Student",2,4,4,0,"Student","PhD Student"
"1017","Yes","1","0","1","Student",5,4,5,1,"Staff","Academic Staff"
"1018","No","0",NA,NA,NA,0,NA,NA,NA,NA,NA
"1019","Yes","1","0","1","Staff",4,4,3,1,"Staff","Academic Staff"
"1020","Yes","1","0","1","Student",3,2,5,0,"Student","PhD Student"
"1021","Yes","1","0","1","Student",9,4,5,0,"Student","PhD Student"
"1022","Yes","1","0","1","Student",7,2,4,0,"Student","Undergraduate"
"1023","Yes","0","0","0","Student",2,4,4,1,"Staff","Academic Staff"
"1024","Yes","0","0","1","Student",2,3,4,0,"Student","PhD Student"
"1025","Yes","1","0","1","Student",2,2,3,1,"Staff","Academic Staff"
"1026","Yes","1","0","1",NA,6,2,5,NA,NA,"Other"
"1027","Yes","1","0","1","Student",4,3,5,1,"Staff","Academic Staff"
"1028","Yes","1","0",NA,"Student",5,5,5,0,"Student","PhD Student"
"1029","Yes","1","0","1","Staff",6,3,3,0,"Student","PhD Student"
"1030","Yes","1",NA,"1","Staff",2,2,2,1,"Staff","Non-Academic Staff"
"1031","Yes","1","0","0","Student",3,5,5,0,"Student","PhD Student"
"1032","No","0",NA,NA,NA,0,NA,NA,NA,NA,NA
"1033","Yes","1","1","1","Student",9,3,5,1,"Staff","Academic Staff"
"1034","Yes","0","0","1","Student",3,4,4,0,"Student","PhD Student"
"1035","No","0",NA,NA,NA,0,NA,NA,NA,NA,NA
"1036","Yes","1","0","0","Student",3,3,4,0,"Student","PhD Student"
"1037","Yes","1","0","1","Student",3,4,4,0,"Student","Masters Student"
"1038","Yes","0","0","1","Staff",5,5,5,1,"Staff","Academic Staff"
"1039","Yes","1","0","1","Student",3,4,5,1,"Staff","Academic Staff"
"1040","Yes","1","0","1","Student",3,4,5,0,"Student","PhD Student"
"1041","Yes","0","0","1","Student",3,4,5,0,"Student","PhD Student"
"1042","Yes","1","0","1","Staff",5,5,5,1,"Staff","Academic Staff"
"1043","Yes","1","0","1","Student",8,5,4,0,"Student","PhD Student"
"1044","Yes","1","0","1","Student",3,3,5,0,"Student","Masters Student"
"1045","Yes","1","0","0","Student",2,2,2,0,"Student","Undergraduate"
"1046","Yes","1","1","1","Student",3,5,4,1,"Staff","Academic Staff"
"1047","Yes","1","0","1","Student",5,3,5,0,"Student","PhD Student"
"1048","Yes","1","1","0","Student",3,4,4,1,"Staff","Academic Staff"
"1049","Yes","1","0","0","Student",3,2,2,1,"Staff","Academic Staff"
"1050","Yes","0",NA,"1","Staff",2,4,4,1,"Staff","Academic Staff"
"1051","Yes","0","1","1","Student",6,4,5,1,"Staff","Academic Staff"
"1052","Yes","1","0",NA,"Student",2,2,2,0,"Student","PhD Student"
"1053","Yes","1","0","1","Student",5,2,3,0,"Student","PhD Student"
"1054","Yes","1",NA,"1","Student",3,1,3,1,"Staff","Academic Staff"
"1055","Yes","1","1","0","Student",2,2,2,1,"Staff","Academic Staff"
"1056","Yes","0","1","0","Student",2,3,5,1,"Staff","Academic Staff"
"1057","No","1",NA,NA,NA,0,NA,NA,NA,NA,NA
"1058","Yes","1","0","1","Student",4,4,5,0,"Student","Undergraduate"
"1059","Yes","0","1","0","Student",1,4,4,1,"Staff","Academic Staff"
"1060","Yes","1","0","1","Student",4,2,4,0,"Student","Masters Student"
"1061","Yes","1","1","0","Student",3,2,4,1,"Staff","Academic Staff"
"1062","Yes","0","0","0","Staff",1,4,4,1,"Staff","Academic Staff"
"1063","Yes","0","0","1","Student",3,4,5,1,"Staff","Academic Staff"
"1064","Yes","1","0","1","Student",4,3,4,0,"Student","PhD Student"
"1065","Yes","1","0","1","Student",1,2,2,0,"Student","PhD Student"
"1066","No","0",NA,NA,NA,0,NA,NA,NA,NA,NA
"1067","Yes","1",NA,"0","Student",2,4,3,1,"Staff","Academic Staff"
"1068","Yes","0","1","0","Student",4,4,5,1,"Staff","Academic Staff"
"1069","Yes","0","0","0","Student",1,2,4,1,"Staff","Academic Staff"
"1070","No","0",NA,NA,NA,0,NA,NA,NA,NA,NA
"1071","Yes","1","0","1","Staff",1,4,5,1,"Staff","Academic Staff"
"1072","Yes","1",NA,"0","Student",4,2,4,1,"Staff","Academic Staff"
"1073","Yes","0","0","0","Student",1,4,5,1,"Staff","Academic Staff"
"1074","Yes","0","0","1","Student",4,3,4,0,"Student","PhD Student"
"1075","Yes","1","0","1","Student",5,4,3,0,"Student","PhD Student"
"1076","Yes","1",NA,"0","Student",3,4,5,1,"Staff","Academic Staff"
"1077","Yes","1","0","1","Student",3,4,5,1,"Staff","Academic Staff"
"1078","No","1",NA,NA,NA,0,NA,NA,NA,NA,NA
"1079","No","0",NA,NA,NA,0,NA,NA,NA,NA,NA
"1080","Yes","1","1","0","Student",1,1,1,1,"Staff","Academic Staff"
"1081","Yes","0","1","1","Student",2,3,2,1,"Staff","Academic Staff"
"1082","Yes","1","1","0","Student",1,1,2,1,"Staff","Academic Staff"
"1083","Yes","1","0","1","Student",5,2,5,0,"Student","PhD Student"
"1084","Yes","1","0","0","Student",4,4,5,0,"Student","PhD Student"
"1085","Yes","1","0",NA,"Staff",6,4,4,1,"Staff","Academic Staff"
"1086","Yes","1","0","0","Staff",2,4,2,1,"Staff","Academic Staff"
"1087","Yes","1","0","1","Staff",3,2,2,1,"Staff",NA
"1088","Yes","1","1","0","Staff",4,4,5,1,"Staff","Academic Staff"
"1089","Yes","1","0","1","Student",4,5,1,0,"Student","PhD Student"
"1090","Yes","0","1","0","Student",1,4,4,1,"Staff","Academic Staff"
"1091","Yes","0","1","1","Staff",4,4,5,1,"Staff","Academic Staff"
"1092","Yes","1","0","1","Student",3,5,5,1,"Staff","Academic Staff"
"1093","Yes","1","1","1","Student",5,4,5,1,"Staff","Academic Staff"
"1094","Yes","1","0","1","Student",7,4,4,0,"Student","PhD Student"
"1095","No","1",NA,NA,NA,0,NA,NA,NA,NA,NA
"1096","Yes","1","0","1","Staff",3,2,1,0,"Student","Masters Student"
"1097","Yes","1","1","0","Staff",1,3,3,1,"Staff","Non-Academic Staff"
"1098","Yes","1",NA,"0","Student",1,4,4,1,"Staff","Academic Staff"
"1099","No","1",NA,NA,NA,0,NA,NA,NA,NA,NA
"1100","Yes","0","0","1","Student",4,5,5,0,"Student","PhD Student"
"1101","Yes","1","0",NA,"Student",5,4,4,1,"Staff","Academic Staff"
"1102","Yes","1","0","0","Student",2,5,4,0,"Student","PhD Student"
"1103","Yes","0","0","0","Staff",1,3,4,0,"Student","PhD Student"
"1104","No","0",NA,NA,NA,0,NA,NA,NA,NA,NA
"1105","Yes","1","1","0","Student",2,4,5,1,"Staff","Academic Staff"
"1106","Yes","1","1","0","Staff",2,3,3,1,"Staff","Academic Staff"
"1107","Yes","0","0","0","Staff",3,4,5,1,"Staff","Academic Staff"
"1108","Yes","1","0","1","Student",3,4,5,0,"Student","PhD Student"
"1109","Yes","1","0","0","Student",1,2,3,1,"Staff","Academic Staff"
"1110","Yes","1","0","0","Student",1,4,5,NA,NA,"Other"
"1111","Yes","1","0","0","Staff",2,5,5,1,"Staff","Non-Academic Staff"
"1112","Yes","1","0","0","Student",2,3,4,1,"Staff","Academic Staff"
"1113","No","1",NA,NA,NA,0,NA,NA,NA,NA,NA
"1114","Yes","1","0","1","Student",2,5,5,0,"Student","PhD Student"
"1115","Yes","1","1","1","Student",4,2,4,1,"Staff","Academic Staff"
"1116","Yes","1","0","0","Student",2,5,4,1,"Staff","Academic Staff"
"1117","Yes","1","0","1","Student",3,4,1,0,"Student","PhD Student"
"1118","Yes","1","1","0","Staff",3,1,2,1,"Staff","Academic Staff"
"1119","Yes","0","0","0","Student",1,5,2,1,"Staff","Academic Staff"
"1120","No","0",NA,NA,NA,0,NA,NA,NA,NA,NA
"1121","Yes","1","0","1","Student",4,4,5,0,"Student","PhD Student"
"1122","Yes","0","0","1","Staff",4,3,5,1,"Staff","Academic Staff"
"1123","Yes","0","0","1","Student",2,1,5,0,"Student","PhD Student"
"1124","Yes","1","1","0","Student",3,2,4,1,"Staff","Academic Staff"
"1125","Yes","1","1","0","Staff",2,3,4,1,"Staff","Academic Staff"
"1126","Yes","1","0","1","Student",3,2,4,0,"Student","PhD Student"
"1127","Yes","1","0","1","Student",3,4,5,1,"Staff","Academic Staff"
"1128","Yes","1","0","1","Student",6,1,1,0,"Student","PhD Student"
"1129","Yes","1","0","0","Staff",1,4,4,1,"Staff","Academic Staff"
"1130","Yes","1","0","1","Student",1,2,4,1,"Staff","Academic Staff"
"1131","No","0",NA,NA,NA,0,NA,NA,NA,NA,NA
"1132","Yes","1","0","1","Student",5,4,5,0,"Student","Undergraduate"
"1133","Yes","1","0","1","Staff",4,4,4,1,"Staff","Academic Staff"
"1134","Yes","0","0","1","Student",4,2,5,0,"Student","Undergraduate"
"1135","Yes","1","0","0","Student",3,4,5,1,"Staff","Academic Staff"
"1136","Yes","1","0","1","Student",3,4,5,0,"Student","PhD Student"
"1137","Yes","1","1","0","Student",5,5,5,1,"Staff","Academic Staff"
"1138","Yes","1","0","0",NA,7,5,5,1,"Staff","Academic Staff"
"1139","Yes","1","0","1","Student",2,4,5,1,"Staff","Academic Staff"
"1140","Yes","0","0","1","Student",1,3,4,1,"Staff","Academic Staff"
"1141","Yes","1","1","0","Student",4,2,3,0,"Student","PhD Student"
"1142","Yes","1","0","1","Student",1,2,5,0,"Student","PhD Student"
"1143","Yes","1","1","0","Staff",7,4,4,1,"Staff","Academic Staff"
"1144","Yes","1","1","0","Student",2,4,4,1,"Staff","Academic Staff"
"1145","Yes","0","0","1","Staff",3,2,3,1,"Staff","Academic Staff"
"1146","No","1",NA,NA,NA,0,NA,NA,NA,NA,NA
"1147","Yes","1","0","1","Student",4,1,2,0,"Student","PhD Student"
"1148","Yes","1","0","0","Student",1,3,5,1,"Staff","Academic Staff"
"1149","Yes","1","1","0","Student",3,4,3,1,"Staff","Academic Staff"
"1150","Yes","1","0","1","Student",5,4,5,0,"Student","PhD Student"
"1151","Yes","1","1","1","Student",3,5,5,1,"Staff","Academic Staff"
"1152","Yes","1","0","1","Student",2,2,2,0,"Student","PhD Student"
"1153","Yes","0","1","1","Student",3,2,3,1,"Staff","Academic Staff"
"1154","No","0",NA,NA,NA,0,NA,NA,NA,NA,NA
"1155","Yes","1","0","0","Student",3,4,5,0,"Student","PhD Student"
"1156","Yes","0","0","1","Student",5,5,5,1,"Staff","Academic Staff"
"1157","Yes","1","0",NA,"Student",4,2,2,1,"Staff","Academic Staff"
"1158","Yes","1","1","0","Student",2,3,5,1,"Staff","Academic Staff"
"1159","Yes","1","1","1","Student",4,2,3,1,"Staff","Academic Staff"
"1160","Yes","0","1","1","Student",4,4,4,1,"Staff","Academic Staff"
"1161","No","1",NA,NA,NA,0,NA,NA,NA,NA,NA
"1162","No","0",NA,NA,NA,0,NA,NA,NA,NA,NA
"1163","Yes","1","1","1","Student",3,3,5,1,"Staff","Academic Staff"
"1164","Yes","1","0","0","Staff",4,1,2,1,"Staff","Academic Staff"
"1165","Yes","1","0","0","Student",2,5,5,1,"Staff","Academic Staff"
"1166","Yes","0","0","1","Student",2,2,4,1,"Staff","Academic Staff"
"1167","Yes","0","1","0","Staff",2,3,4,1,"Staff","Academic Staff"
"1168","No","1",NA,NA,NA,0,NA,NA,NA,NA,NA
"1169","Yes","1","0","0","Student",2,2,1,0,"Student","PhD Student"
"1170","Yes","1","0","1","Staff",4,4,5,1,"Staff","Academic Staff"
"1171","Yes","1","1","0","Staff",4,4,5,1,"Staff","Non-Academic Staff"
"1172","Yes","1","0","0","Student",7,2,4,NA,NA,NA
"1173","Yes","1","0","0","Staff",2,4,3,1,"Staff","Academic Staff"
"1174","No","0",NA,NA,NA,0,NA,NA,NA,NA,NA
"1175","Yes","1","1","0","Student",2,2,2,1,"Staff","Academic Staff"
"1176","Yes","1","0",NA,"Student",5,4,3,1,"Staff","Non-Academic Staff"
"1177","Yes","1","0","0","Staff",4,4,4,1,"Staff","Academic Staff"
"1178","Yes","0","1","0","Student",4,4,4,1,"Staff","Academic Staff"
"1179","Yes","1",NA,NA,"Student",3,3,2,1,"Staff","Academic Staff"
"1180","Yes","0","0","0","Student",2,4,4,1,"Staff","Academic Staff"
"1181","Yes","0","0","0","Student",2,5,5,1,"Staff","Academic Staff"
"1182","Yes","1","0","0","Staff",3,3,5,1,"Staff","Academic Staff"
"1183","Yes","1","0","0","Staff",4,4,5,1,"Staff","Academic Staff"
"1184","No","0",NA,NA,NA,0,NA,NA,NA,NA,NA
"1185","Yes","1","0","1","Student",6,4,5,0,"Student","PhD Student"
"1186","Yes","0","1","0","Student",3,2,4,1,"Staff","Academic Staff"
"1187","Yes","0","0",NA,"Student",1,4,4,0,"Student","PhD Student"
"1188","Yes","0","1","1","Student",2,3,4,1,"Staff","Academic Staff"
"1189","Yes","0","1","1","Student",2,4,5,1,"Staff","Academic Staff"
"1190","Yes","1","1","0","Student",6,3,4,1,"Staff","Academic Staff"
"1191","Yes","1","0","0","Staff",2,2,5,1,"Staff","Non-Academic Staff"
"1192","No","0",NA,NA,NA,0,NA,NA,NA,NA,NA
"1193","Yes","1","1","0","Student",2,2,1,1,"Staff","Academic Staff"
"1194","Yes","1",NA,"1","Staff",3,1,1,1,"Staff","Academic Staff"
"1195","No","1",NA,NA,NA,0,NA,NA,NA,NA,NA
"1196","Yes","1","0","1","Staff",2,3,4,0,"Student","PhD Student"
"1197","Yes","1","0","1","Staff",6,4,3,1,"Staff","Academic Staff"
"1198","Yes","0","1","0","Staff",1,5,5,1,"Staff","Academic Staff"
"1199","Yes","1","0","0","Student",3,5,4,0,"Student","PhD Student"
"1200","Yes","0","1","1","Student",4,3,4,1,"Staff","Academic Staff"
"1201","No","1",NA,NA,NA,0,NA,NA,NA,NA,NA
"1202","Yes","0","1","1","Student",3,5,5,1,"Staff","Academic Staff"
"1203","Yes","1","0","0","Student",3,4,4,0,"Student","PhD Student"
"1204","Yes","1",NA,NA,"Student",3,2,1,1,"Staff","Academic Staff"
"1205","Yes","1","0",NA,"Student",3,1,3,1,"Staff","Academic Staff"
"1206","Yes","0","0","1","Student",1,4,4,0,"Student","PhD Student"
"1207","Yes","1","0","1","Staff",2,3,5,1,"Staff","Academic Staff"
"1208","Yes","0","1","0","Student",1,3,3,1,"Staff","Academic Staff"
"1209","Yes","1","0",NA,"Student",3,1,2,0,"Student","PhD Student"
"1210","Yes","0","1","0","Student",1,2,2,1,"Staff","Academic Staff"
"1211","Yes","0","0","1","Student",4,3,5,0,"Student","PhD Student"
"1212","Yes","1","1","0","Student",1,2,4,1,"Staff","Academic Staff"
"1213","No","0",NA,NA,NA,0,NA,NA,NA,NA,NA
"1214","Yes","0","0","0","Student",2,4,5,NA,NA,"Other"
"1215","Yes","0","0","0","Staff",1,2,NA,1,"Staff","Academic Staff"
"1216","Yes","0","0","0","Student",3,4,5,0,"Student","PhD Student"
"1217","Yes","1","0","1","Student",2,4,4,0,"Student","PhD Student"
"1218","Yes","1","1","0","Staff",3,4,5,1,"Staff","Academic Staff"
"1219","Yes","1","0","1","Student",3,5,5,1,"Staff","Academic Staff"
"1220","No","1",NA,NA,NA,0,NA,NA,NA,NA,NA
"1221","Yes","0","0",NA,"Student",8,4,3,0,"Student","PhD Student"
"1222","Yes","1","0","1","Student",5,6,4,0,"Student","PhD Student"
"1223","Yes","1","0","0","Student",6,4,4,1,"Staff","Academic Staff"
"1224","Yes","1","0","1","Student",3,4,5,0,"Student","PhD Student"
"1225","Yes","1","1","0","Staff",2,2,2,1,"Staff","Academic Staff"
"1226","Yes","1","0","0","Student",3,4,3,0,"Student","PhD Student"
"1227","Yes","1","1","0","Student",1,4,4,1,"Staff","Academic Staff"
"1228","Yes","0","0","0","Staff",5,4,5,1,"Staff","Academic Staff"
"1229","Yes","1","1","0","Student",2,4,3,1,"Staff","Academic Staff"
"1230","Yes","0","0","1","Student",2,3,2,0,"Student","PhD Student"
"1231","Yes","1",NA,"1","Staff",5,3,4,0,"Student","PhD Student"
"1232","Yes","1","1","0","Student",3,1,1,1,"Staff","Academic Staff"
"1233","Yes","1","0","0","Student",1,5,4,1,"Staff","Academic Staff"
"1234","Yes","0","0","1","Student",1,3,2,0,"Student","PhD Student"
"1235","Yes","1","0","1","Staff",1,3,5,1,"Staff","Academic Staff"
"1236","No","1",NA,NA,NA,0,NA,NA,NA,NA,NA
"1237","Yes","1","1","1","Staff",1,2,2,1,"Staff","Academic Staff"
"1238","Yes","0","0","0","Student",2,4,5,1,"Staff","Academic Staff"
"1239","Yes","1","0","0","Staff",3,2,4,1,"Staff","Academic Staff"
"1240","Yes","0","0",NA,"Student",3,3,3,1,"Staff","Academic Staff"
"1241","Yes","1","1","0","Staff",1,5,5,1,"Staff","Academic Staff"
"1242","Yes","0","1","0","Student",2,4,4,1,"Staff","Academic Staff"
"1243","Yes","1","0","1","Student",3,2,4,0,"Student","PhD Student"
"1244","No","0",NA,NA,NA,0,NA,NA,NA,NA,NA
"1245","No","0",NA,NA,NA,0,NA,NA,NA,NA,NA
"1246","Yes","1","1","0","Student",4,4,5,1,"Staff","Academic Staff"
"1247","Yes","1","0","1","Staff",4,1,5,NA,NA,"Other"
"1248","Yes","1","0","1","Student",3,2,4,0,"Student","PhD Student"
"1249","Yes","0","1","0","Student",1,1,2,1,"Staff","Academic Staff"
"1250","Yes","1",NA,"1","Staff",3,2,5,1,"Staff","Academic Staff"
"1251","Yes","0","0","1","Student",3,5,5,0,"Student","PhD Student"
"1252","Yes","1","0","1",NA,6,2,2,1,"Staff","Academic Staff"
"1253","Yes","0","0","0","Student",2,5,5,0,"Student","PhD Student"
"1254","Yes","1","0","1","Student",1,4,4,0,"Student","PhD Student"
"1255","Yes","1","0","1","Student",8,2,5,1,"Staff","Academic Staff"
"1256","Yes","1","0","1","Staff",3,4,2,1,"Staff","Academic Staff"
"1257","Yes","1","0","1","Student",3,3,2,1,"Staff","Academic Staff"
"1258","Yes","0","0","0","Student",2,4,5,1,"Staff","Academic Staff"
"1259","Yes","1","0","0","Student",3,5,5,1,"Staff","Academic Staff"
"1260","Yes","1","0","1","Staff",7,2,2,1,"Staff","Academic Staff"
"1261","Yes","1","0","0","Student",4,4,5,NA,NA,"Other"
"1262","Yes","1","0","1","Staff",5,2,4,1,"Staff","Academic Staff"
"1263","Yes","1","0","1","Student",6,1,1,1,"Staff","Academic Staff"
"1264","Yes","0","1","0","Student",3,2,2,1,"Staff","Academic Staff"
"1265","Yes","0","0","0","Student",4,5,5,1,"Staff","Non-Academic Staff"
"1266","Yes","1","0","1","Student",1,4,5,1,"Staff","Academic Staff"
"1267","Yes","0","0","1","Student",1,4,4,1,"Staff","Academic Staff"
"1268","Yes","1","0","0","Staff",4,1,1,1,"Staff","Academic Staff"
"1269","Yes","1","0","0","Student",4,2,3,1,"Staff","Academic Staff"
"1270","Yes","1","0","1","Staff",3,4,5,1,"Staff","Academic Staff"
"1271","Yes","1","0","1","Student",5,4,5,1,"Staff","Academic Staff"
"1272","Yes","1","0","1","Staff",8,4,5,NA,NA,"Other"
"1273","Yes","1",NA,"1","Student",4,2,2,1,"Staff","Academic Staff"
"1274","Yes","0","0","0","Student",1,4,4,1,"Staff","Academic Staff"
"1275","Yes","1","0","0","Student",3,4,5,1,"Staff","Academic Staff"
"1276","Yes","1","1","0","Student",3,4,5,1,"Staff","Academic Staff"
"1277","Yes","0","0","0","Staff",3,4,4,1,"Staff","Academic Staff"
"1278","Yes","0","1","0","Student",4,4,4,1,"Staff","Academic Staff"
"1279","Yes","1","1","0","Staff",2,2,2,1,"Staff","Academic Staff"
"1280","Yes","1","0","0","Student",2,4,5,1,"Staff","Academic Staff"
"1281","Yes","0","1","0","Student",2,4,5,1,"Staff","Academic Staff"
"1282","Yes","1","1","0","Student",1,2,2,1,"Staff","Academic Staff"
"1283","Yes","1","0","1","Student",3,3,5,1,"Staff",NA
"1284","Yes","0","0","0","Student",4,4,4,1,"Staff","Academic Staff"
"1285","Yes","1",NA,"1","Student",1,3,5,1,"Staff","Academic Staff"
"1286","Yes","1","0","0","Staff",2,3,5,1,"Staff","Academic Staff"
"1287","Yes","1","0","1","Student",4,4,5,0,"Student","PhD Student"
"1288","Yes","1","0","0","Student",1,4,4,1,"Staff","Academic Staff"
"1289","Yes","0","0","0","Student",4,5,4,1,"Staff","Academic Staff"
"1290","Yes","0","0","0","Student",4,5,5,1,"Staff","Academic Staff"
"1291","Yes","1","1",NA,"Student",8,4,5,1,"Staff","Academic Staff"
"1292","Yes","0","0","1","Student",4,4,5,1,"Staff","Non-Academic Staff"
"1293","No","1",NA,NA,NA,0,NA,NA,NA,NA,NA
"1294","Yes","1","0","1","Student",1,4,5,0,"Student","PhD Student"
"1295","No","0",NA,NA,NA,0,NA,NA,NA,NA,NA
"1296","Yes","0","0","0","Student",4,1,2,0,"Student","PhD Student"
"1297","Yes","1","1","1","Student",8,4,4,0,"Student","PhD Student"
"1298","Yes","1","0","1","Student",1,1,2,0,"Student","PhD Student"
"1299","Yes","0","1","0","Staff",3,5,5,1,"Staff","Academic Staff"
"1300","Yes","1",NA,NA,"Staff",2,3,4,1,"Staff","Academic Staff"
"1301","Yes","1","0","0","Student",8,2,3,1,"Staff","Academic Staff"
"1302","Yes","1","0","0","Staff",4,4,5,1,"Staff","Academic Staff"
"1303","Yes","1","0","0","Student",4,1,3,0,"Student","PhD Student"
"1304","Yes","0","1","1","Student",4,1,1,1,"Staff","Academic Staff"
"1305","Yes","1","1","0","Student",3,3,3,1,"Staff","Academic Staff"
"1306","Yes","0","0","0","Staff",1,4,4,1,"Staff","Academic Staff"
"1307","Yes","0","1","1","Staff",2,5,5,1,"Staff","Academic Staff"
"1308","Yes","1","0","1","Student",1,4,4,1,"Staff","Academic Staff"
"1309","Yes","1","0","1","Staff",3,4,5,1,"Staff","Academic Staff"
"1310","No","0",NA,NA,NA,0,NA,NA,NA,NA,NA
"1311","Yes","0","1","0","Student",2,3,5,1,"Staff","Academic Staff"
"1312","Yes","1","0","1","Student",4,3,4,0,"Student","PhD Student"
"1313","Yes","1","0",NA,"Staff",2,4,5,1,"Staff","Academic Staff"
"1314","Yes","1","1","1","Student",2,4,4,0,"Student","PhD Student"
"1315","Yes","1","0","1","Staff",2,2,2,1,"Staff","Academic Staff"
"1316","Yes","1","0","1","Student",10,2,2,0,"Student","PhD Student"
"1317","Yes","0","0","0","Staff",3,4,4,1,"Staff","Non-Academic Staff"
"1318","Yes","0","1","0","Student",2,4,4,0,"Student","PhD Student"
"1319","No","0",NA,NA,NA,0,NA,NA,NA,NA,NA
"1320","Yes","0","1","0","Student",2,4,5,1,"Staff","Academic Staff"
"1321","Yes","0","1","0","Student",1,4,5,1,"Staff","Academic Staff"
"1322","Yes","0","1","0","Student",4,3,1,NA,NA,"Other"
"1323","Yes","1","1","0","Student",1,1,1,1,"Staff","Academic Staff"
"1324","Yes","1","1","0","Staff",3,2,2,1,"Staff","Academic Staff"
"1325","Yes","1","0","1","Staff",4,1,5,1,"Staff","Academic Staff"
"1326","No","0",NA,NA,NA,0,NA,NA,NA,NA,NA
"1327","Yes","1","0","1","Student",4,3,2,0,"Student","PhD Student"
"1328","Yes","1","0","1","Student",3,2,4,1,"Staff","Academic Staff"
"1329","Yes","1","0","0","Staff",2,5,5,1,"Staff","Academic Staff"
"1330","Yes","1",NA,NA,"Staff",4,2,4,1,"Staff","Academic Staff"
"1331","Yes","0","1","0","Staff",1,4,4,1,"Staff","Academic Staff"
"1332","Yes","1","1",NA,"Student",5,4,2,1,"Staff","Academic Staff"
"1333","Yes","1","0","1","Student",4,2,5,0,"Student","PhD Student"
"1334","Yes","1","0","0","Staff",4,2,5,1,"Staff","Academic Staff"
"1335","Yes","1","1","1","Student",7,4,5,1,"Staff","Academic Staff"
"1336","Yes","1","0","0","Staff",4,2,2,1,"Staff","Academic Staff"
"1337","Yes","1","0","1","Student",3,4,5,0,"Student","PhD Student"
"1338","Yes","1","1","1","Student",3,1,1,1,"Staff","Academic Staff"
"1339","Yes","1","1","0","Student",2,5,5,1,"Staff","Academic Staff"
"1340","Yes","0","1","1","Student",3,4,4,1,"Staff","Academic Staff"
"1341","Yes","0","0","0","Student",3,2,4,1,"Staff","Academic Staff"
"1342","Yes","0","0","0","Student",3,4,5,1,"Staff","Academic Staff"
"1343","Yes","0","1","0","Staff",3,5,5,1,"Staff","Academic Staff"
"1344","Yes","1","0",NA,"Student",4,4,3,1,"Staff","Academic Staff"
"1345","Yes","0","1","0","Student",3,5,5,1,"Staff","Academic Staff"
"1346","Yes","1","1","0","Student",5,1,2,1,"Staff","Academic Staff"
"1347","Yes","1","1","0","Student",1,2,4,1,"Staff","Academic Staff"
"1348","Yes","0","1","0","Student",2,4,5,1,"Staff","Academic Staff"
"1349","Yes","0","1","0","Staff",1,5,5,1,"Staff","Academic Staff"
"1350","Yes","0","0","0","Staff",3,4,4,1,"Staff","Non-Academic Staff"
"1351","Yes","1",NA,NA,"Student",4,3,2,1,"Staff","Academic Staff"
"1352","Yes","1","0","1","Staff",2,2,4,1,"Staff","Academic Staff"
"1353","Yes","0","1","0","Student",4,5,4,1,"Staff","Academic Staff"
"1354","Yes","1","0","1","Student",2,1,5,0,"Student","PhD Student"
"1355","Yes","1","1",NA,"Staff",2,3,6,1,"Staff","Academic Staff"
"1356","Yes","1","0","0","Staff",3,3,3,0,"Student","PhD Student"
"1357","Yes","1","0","1","Staff",4,5,1,1,"Staff","Academic Staff"
"1358","Yes","1","0","0","Student",2,3,4,1,"Staff","Academic Staff"
"1359","Yes","1","0","1","Student",2,4,5,0,"Student","PhD Student"
"1360","No","1",NA,NA,NA,0,NA,NA,NA,NA,NA
"1361","No","0",NA,NA,NA,0,NA,NA,NA,NA,NA
"1362","No","1",NA,NA,NA,0,NA,NA,NA,NA,NA
"1363","Yes","0","0",NA,"Staff",2,4,5,1,"Staff","Non-Academic Staff"
"1364","Yes","1","1","1","Staff",1,1,2,1,"Staff","Academic Staff"
"1365","Yes","1","0","1","Student",5,3,4,0,"Student","PhD Student"
"1366","Yes","0","0",NA,"Student",3,2,4,0,"Student","Undergraduate"
"1367","Yes","1","0","0","Student",2,1,5,0,"Student","PhD Student"
"1368","Yes","1","0",NA,"Student",4,4,3,0,"Student","PhD Student"
"1369","Yes","1","0","0","Student",4,2,4,1,"Staff","Academic Staff"
"1370","Yes","1","0",NA,"Student",3,3,5,1,"Staff","Academic Staff"
"1371","Yes","1","0","1","Student",4,2,2,0,"Student","Masters Student"
"1372","Yes","1","0","1","Student",2,3,4,1,"Staff","Academic Staff"
"1373","Yes","1","0","1","Student",4,4,5,0,"Student","PhD Student"
"1374","Yes","1",NA,"0","Staff",3,5,5,1,"Staff","Academic Staff"
"1375","Yes","1","0","0","Student",2,2,2,1,"Staff","Academic Staff"
"1376","Yes","1","0","1","Student",3,2,2,1,"Staff","Non-Academic Staff"
"1377","Yes","1","0","1","Student",3,4,5,0,"Student","PhD Student"
"1378","Yes","1","0","0","Student",4,4,5,1,"Staff",NA
"1379","Yes","1","0","1","Student",6,2,4,0,"Student","PhD Student"
"1380","Yes","1","0","1","Staff",2,2,5,1,"Staff","Academic Staff"
"1381","Yes","1","1","0","Staff",4,3,3,1,"Staff","Academic Staff"
"1382","Yes","1","0","0","Student",6,5,5,1,"Staff","Academic Staff"
"1383","Yes","1","1","0","Staff",2,3,5,1,"Staff","Academic Staff"
"1384","Yes","0","1","0","Staff",2,5,5,1,"Staff","Academic Staff"
"1385","Yes","1","0","0","Student",5,2,4,1,"Staff","Academic Staff"
"1386","Yes","1","0","1","Student",1,4,5,0,"Student","PhD Student"
"1387","No","1",NA,NA,NA,0,NA,NA,NA,NA,NA
"1388","Yes","1","0",NA,"Staff",7,1,5,NA,NA,"Other"
"1389","Yes","1","0","1","Student",1,3,4,0,"Student","PhD Student"
"1390","No","1",NA,NA,NA,0,NA,NA,NA,NA,NA
"1391","Yes","0","0","1","Student",2,4,5,1,"Staff","Academic Staff"
"1392","Yes","1","0",NA,"Student",4,3,3,0,"Student","PhD Student"
"1393","Yes","1","0","1","Staff",3,3,5,1,"Staff","Academic Staff"
"1394","Yes","1",NA,"1","Student",5,3,4,1,"Staff","Academic Staff"
"1395","Yes","1","0","1","Student",5,2,2,1,"Staff","Academic Staff"
"1396","Yes","1","0","1","Student",2,5,5,1,"Staff","Academic Staff"
"1397","Yes","1","0","1","Student",1,2,4,1,"Staff","Academic Staff"
"1398","Yes","1","0","1","Student",2,4,3,1,"Staff","Academic Staff"
"1399","Yes","1","0",NA,"Staff",3,2,4,0,"Student","PhD Student"
"1400","Yes","0","0","1","Student",4,5,5,0,"Student","PhD Student"
"1401","Yes","1","0","1","Staff",4,3,5,1,"Staff","Academic Staff"
"1402","Yes","1","1","1","Student",2,2,5,1,"Staff","Academic Staff"
"1403","No","0",NA,NA,NA,0,NA,NA,NA,NA,NA
"1404","Yes","1","0","0","Student",2,2,3,1,"Staff","Non-Academic Staff"
"1405","No","1",NA,NA,NA,0,NA,NA,NA,NA,NA
"1406","Yes","0","0",NA,"Staff",1,2,2,1,"Staff","Academic Staff"
"1407","Yes","1","1","0","Student",1,1,2,1,"Staff","Academic Staff"
"1408","Yes","1","0","1",NA,7,4,5,NA,NA,"Other"
"1409","Yes","1","0","1","Student",4,3,4,0,"Student","PhD Student"
"1410","Yes","1","0","1","Student",4,4,5,0,"Student","PhD Student"
"1411","Yes","0","0","0","Staff",5,2,5,1,"Staff","Academic Staff"
"1412","Yes","1","0","0","Student",3,4,4,1,"Staff","Academic Staff"
"1413","Yes","1","0","1","Student",3,2,3,0,"Student","PhD Student"
"1414","No","0",NA,NA,NA,0,NA,NA,NA,NA,NA
"1415","Yes","1","0","1","Student",2,4,5,0,"Student","PhD Student"
"1416","Yes","0","0","1","Student",3,4,5,1,"Staff","Academic Staff"
"1417","Yes","1","0","1","Staff",4,1,1,1,"Staff","Academic Staff"
"1418","Yes","1","0","1","Student",3,4,5,0,"Student","PhD Student"
"1419","Yes","1","0","1","Student",4,3,5,1,"Staff","Academic Staff"
"1420","Yes","0","0","1",NA,2,4,4,NA,NA,"Other"
"1421","Yes","1","1","1","Student",2,5,1,0,"Student","PhD Student"
"1422","Yes","1","0","1","Student",5,4,4,NA,NA,"Other"
"1423","Yes","0","1","0","Student",1,2,2,1,"Staff","Academic Staff"
"1424","Yes","1","0","0","Staff",2,4,5,NA,NA,"Other"
"1425","Yes","1","1","1","Student",4,2,4,1,"Staff","Academic Staff"
"1426","Yes","1","0","1","Student",1,4,5,0,"Student","PhD Student"
"1427","Yes","0","0","0","Staff",1,5,5,1,"Staff","Academic Staff"
"1428","Yes","1","0","1","Student",4,1,2,0,"Student","PhD Student"
"1429","Yes","1","0","1","Student",5,2,2,1,"Staff","Non-Academic Staff"
"1430","No","0",NA,NA,NA,0,NA,NA,NA,NA,NA
"1431","Yes","1","0","1","Student",5,2,6,0,"Student","Masters Student"
"1432","Yes","1","0","1","Student",4,2,4,0,"Student","PhD Student"
"1433","Yes","1","0","1","Student",4,2,4,0,"Student","PhD Student"
"1434","Yes","0","0","1","Staff",5,3,5,1,"Staff","Academic Staff"
"1435","No","1",NA,NA,NA,0,NA,NA,NA,NA,NA
"1436","Yes","1","0","1","Student",1,4,5,0,"Student","PhD Student"
"1437","Yes","1","0","1","Staff",7,2,4,0,"Student","PhD Student"
"1438","Yes","1","1","1","Staff",2,4,5,1,"Staff",NA
"1439","Yes","1","0","1","Student",8,4,5,NA,NA,"Other"
"1440","Yes","0","0",NA,"Staff",2,4,2,0,"Student","PhD Student"
"1441","Yes","1","0","1","Student",4,2,4,0,"Student","PhD Student"
"1442","Yes","1","0","1","Student",4,4,5,0,"Student","PhD Student"
"1443","Yes","1","0","1","Student",9,4,2,0,"Student","Masters Student"
"1444","Yes","1","0","0","Staff",4,2,4,0,"Student","Masters Student"
"1445","Yes","0","0","0","Student",2,4,5,1,"Staff","Academic Staff"
"1446","Yes","0","0","0","Student",4,2,2,1,"Staff","Academic Staff"
"1447","Yes","1","1","1","Student",3,1,1,1,"Staff","Academic Staff"
"1448","No","0",NA,NA,NA,0,NA,NA,NA,NA,NA
"1449","Yes","1","0","1","Student",3,3,5,0,"Student","PhD Student"
"1450","Yes","1","0","1","Student",7,2,4,0,"Student","PhD Student"
"1451","Yes","1","0","1","Student",3,2,4,0,"Student","PhD Student"
"1452","Yes","1","0",NA,"Student",3,4,2,0,"Student","PhD Student"
"1453","Yes","1","0","1","Student",1,4,5,0,"Student","PhD Student"
"1454","Yes","1","0","1","Student",3,4,5,1,"Staff","Academic Staff"
"1455","Yes","1","0","1","Student",3,2,2,0,"Student","PhD Student"
"1456","Yes","1","0","1","Staff",10,3,5,1,"Staff","Academic Staff"
"1457","Yes","1","0","1","Staff",6,4,2,1,"Staff","Academic Staff"
"1458","Yes","1","0","1","Student",3,2,2,0,"Student","PhD Student"
"1459","Yes","1","0","1","Student",4,4,5,0,"Student","PhD Student"
"1460","Yes","0","0","1","Student",4,4,4,1,"Staff","Academic Staff"
"1461","Yes","1","0","1","Student",7,4,5,0,"Student","PhD Student"
"1462","Yes","0","0","1","Staff",3,5,5,1,"Staff","Academic Staff"
"1463","Yes","1","0",NA,"Student",4,4,5,0,"Student","PhD Student"
"1464","No","1",NA,NA,NA,0,NA,NA,NA,NA,NA
"1465","Yes","1","0","1","Student",6,4,5,1,"Staff","Non-Academic Staff"
"1466","Yes","1",NA,"0","Student",2,3,3,NA,NA,"Other"
"1467","Yes","1","0","1","Student",3,3,5,1,"Staff","Academic Staff"
"1468","Yes","1","0","1","Student",3,1,4,1,"Staff","Academic Staff"
"1469","Yes","1","0","1","Staff",3,4,5,1,"Staff","Academic Staff"
"1470","Yes","0","0",NA,"Student",3,4,5,0,"Student","Undergraduate"
"1471","Yes","1","0","1","Staff",4,1,3,0,"Student","PhD Student"
"1472","Yes","0","0","0","Student",5,5,5,NA,NA,"Other"
"1473","Yes","1","0","0","Student",6,2,2,1,"Staff","Academic Staff"
"1474","Yes","0","0","1","Student",1,4,5,1,"Staff","Academic Staff"
"1475","Yes","1","0","1","Student",4,3,5,0,"Student","PhD Student"
"1476","No","0",NA,NA,NA,0,NA,NA,NA,NA,NA
"1477","Yes","1","0","0","Staff",1,4,5,1,"Staff","Academic Staff"
"1478","No","1",NA,NA,NA,0,NA,NA,NA,NA,NA
"1479","Yes","0","0","1","Student",2,3,4,0,"Student","PhD Student"
"1480","Yes","1","0",NA,"Student",4,3,4,0,"Student","PhD Student"
"1481","Yes","1","0","1","Student",4,2,2,0,"Student","PhD Student"
"1482","Yes","1","0","0","Student",4,2,5,0,"Student","PhD Student"
"1483","Yes","1","0","1","Student",2,3,5,0,"Student","Masters Student"
"1484","Yes","0","0","0","Student",2,5,5,0,"Student","PhD Student"
"1485","Yes","1","0","0","Student",3,3,4,1,"Staff","Academic Staff"
"1486","Yes","1","0","1","Student",5,4,5,0,"Student","PhD Student"
"1487","Yes","1","1","1","Student",4,2,2,1,"Staff","Academic Staff"
"1488","Yes","1","0","1","Student",3,3,5,1,"Staff","Non-Academic Staff"
"1489","Yes","1","0","1","Student",2,4,5,1,"Staff","Academic Staff"
"1490","Yes","1","0","1","Student",4,4,5,0,"Student","PhD Student"
"1491","Yes","1","0","1","Student",2,4,4,0,"Student","PhD Student"
"1492","Yes","1","0","1","Staff",2,5,5,1,"Staff","Academic Staff"
"1493","Yes","0","0","0","Student",4,5,5,1,"Staff","Academic Staff"
"1494","Yes","1","0","1","Student",7,4,5,0,"Student","PhD Student"
"1495","Yes","0","1","0","Student",1,4,5,NA,NA,"Other"
"1496","Yes","1","0","1","Student",3,5,5,1,"Staff","Academic Staff"
"1497","No","1",NA,NA,NA,0,NA,NA,NA,NA,NA
"1498","Yes","1","0","1","Student",5,2,2,0,"Student","PhD Student"
"1499","Yes","1","0",NA,"Staff",4,2,2,1,"Staff","Academic Staff"
"1500","Yes","1","1","0","Student",4,1,2,1,"Staff","Academic Staff"
"1501","Yes","0","0","1","Student",5,2,5,0,"Student","PhD Student"
"1502","No","1",NA,NA,NA,0,NA,NA,NA,NA,NA
"1503","Yes","1","0","1","Staff",4,3,4,1,"Staff","Academic Staff"
"1504","Yes","0","0","1","Student",5,3,5,0,"Student","Masters Student"
"1505","Yes","1","0","1","Student",3,4,5,0,"Student","PhD Student"
"1506","Yes","1","1","1","Student",2,4,4,1,"Staff","Academic Staff"
"1507","Yes","1","0","1","Student",8,4,5,0,"Student","PhD Student"
"1508","Yes","1","0","0","Student",3,4,4,1,"Staff","Academic Staff"
"1509","Yes","0","0","1","Staff",2,5,5,0,"Student","Masters Student"
"1510","Yes","1","0","1","Student",1,5,2,0,"Student","PhD Student"
"1511","Yes","1","0","0","Student",3,4,5,1,"Staff","Academic Staff"
"1512","Yes","1","0",NA,"Student",1,3,3,0,"Student","PhD Student"
"1513","Yes","1","1","1","Student",7,2,4,1,"Staff","Academic Staff"
"1514","Yes","1","0","0","Student",3,4,5,1,"Staff","Academic Staff"
"1515","Yes","0","0","0","Student",7,2,4,1,"Staff","Academic Staff"
"1516","Yes","1","0","1","Student",5,2,2,0,"Student","PhD Student"
"1517","Yes","0","0",NA,"Staff",2,2,3,0,"Student","PhD Student"
"1518","Yes","1","0","1","Student",5,4,4,0,"Student","Undergraduate"
"1519","Yes","1","0","1","Student",3,5,5,0,"Student","PhD Student"
"1520","No","1",NA,NA,NA,0,NA,NA,NA,NA,NA
"1521","Yes","1","0","1","Student",5,2,4,0,"Student","PhD Student"
"1522","Yes","1","0","1","Staff",4,4,4,1,"Staff","Academic Staff"
"1523","Yes","1","0","1","Student",9,1,3,0,"Student","PhD Student"
"1524","No","0",NA,NA,NA,0,NA,NA,NA,NA,NA
"1525","Yes","1","0","0","Staff",3,5,5,1,"Staff","Academic Staff"
"1526","No","0",NA,NA,NA,0,NA,NA,NA,NA,NA
"1527","Yes","1","0","1","Student",7,4,4,0,"Student","Masters Student"
"1528","No","1",NA,NA,NA,0,NA,NA,NA,NA,NA
"1529","Yes","0","0","1","Student",8,4,5,0,"Student","PhD Student"
"1530","Yes","1","0","1","Student",3,4,4,0,"Student","PhD Student"
"1531","Yes","1","0","1","Student",2,4,5,0,"Student","PhD Student"
"1532","Yes","1","0","1","Student",5,4,5,1,"Staff","Academic Staff"
"1533","No","0",NA,NA,NA,0,NA,NA,NA,NA,NA
"1534","Yes","0","0","1","Student",2,4,5,1,"Staff","Academic Staff"
"1535","Yes","1","0","0","Student",2,4,5,1,"Staff","Academic Staff"
"1536","Yes","1","0","1","Student",6,1,2,0,"Student","PhD Student"
"1537","Yes","1","0","1","Student",4,3,2,1,"Staff","Academic Staff"
"1538","Yes","0","0","1","Staff",1,4,5,1,"Staff","Academic Staff"
"1539","Yes","1","0","1","Staff",1,3,4,1,"Staff","Academic Staff"
"1540","Yes","0","0","1","Staff",3,4,5,0,"Student","PhD Student"
"1541","No","1",NA,NA,NA,0,NA,NA,NA,NA,NA
"1542","Yes","1","0","1","Staff",4,3,4,1,"Staff","Academic Staff"
"1543","Yes","1","0","1","Student",5,3,4,0,"Student","PhD Student"
"1544","Yes","1","0","1","Staff",4,4,4,1,"Staff","Academic Staff"
"1545","Yes","1","1",NA,"Student",5,3,5,NA,NA,"Other"
"1546","Yes","1","0","1","Student",6,4,5,1,"Staff","Academic Staff"
"1547","Yes","1","1","1","Student",3,4,5,1,"Staff","Academic Staff"
"1548","Yes","1","0","1","Staff",3,2,3,0,"Student","PhD Student"
"1549","Yes","0","1","1","Student",4,2,4,1,"Staff","Academic Staff"
"1550","Yes","1","0","1","Student",3,2,3,1,"Staff","Academic Staff"
"1551","Yes","1","0","1","Staff",5,4,5,1,"Staff","Academic Staff"
"1552","Yes","0","0","1","Student",9,4,5,0,"Student","PhD Student"
"1553","Yes","1","0","1","Staff",4,2,4,1,"Staff","Academic Staff"
"1554","Yes","1","1","1","Student",3,4,1,1,"Staff","Academic Staff"
"1555","Yes","1","0","1","Student",4,3,NA,0,"Student","PhD Student"
"1556","Yes","0","0","1","Staff",6,4,5,0,"Student","PhD Student"
"1557","Yes","1","0","1","Student",1,4,5,0,"Student","Masters Student"
"1558","Yes","0","0",NA,"Student",5,2,4,1,"Staff",NA
"1559","Yes","0","0","1","Student",2,2,5,1,"Staff","Academic Staff"
"1560","Yes","0",NA,"1","Student",12,4,5,NA,NA,"Other"
"1561","Yes","0","1","1","Student",2,4,5,0,"Student","PhD Student"
"1562","Yes","1","0","1","Student",8,4,5,1,"Staff","Non-Academic Staff"
"1563","Yes","1","0","0","Staff",4,4,5,1,"Staff","Academic Staff"
"1564","Yes","1","0","1","Staff",4,5,5,1,"Staff","Academic Staff"
"1565","Yes","1","0","1","Student",5,2,4,0,"Student","PhD Student"
"1566","Yes","0","0","1","Student",6,4,3,0,"Student","PhD Student"
"1567","Yes","0","1","1","Student",3,5,4,0,"Student","Undergraduate"
"1568","Yes","1","0","1","Student",4,4,5,0,"Student","PhD Student"
"1569","Yes","1","0","1","Staff",4,4,5,1,"Staff","Academic Staff"
"1570","Yes","1","0","1","Student",4,2,2,0,"Student","PhD Student"
"1571","Yes","0","0","1","Student",3,2,2,0,"Student","PhD Student"
"1572","Yes","1","0","1","Student",4,1,4,1,"Staff","Academic Staff"
"1573","Yes","1","0","1","Student",4,3,3,0,"Student","PhD Student"
"1574","Yes","1","1","0","Student",5,4,5,1,"Staff","Academic Staff"
"1575","Yes","1","0","1","Student",2,4,4,0,"Student","Masters Student"
"1576","Yes","1",NA,"1","Student",3,4,4,1,"Staff","Non-Academic Staff"
"1577","No","0",NA,NA,NA,0,NA,NA,NA,NA,NA
"1578","Yes","1","0","1","Staff",5,2,4,1,"Staff","Academic Staff"
"1579","Yes","0","0","0","Student",4,4,5,0,"Student","PhD Student"
